x,y,zhighRes
489456.1713,5457755.838,11.98
489456.6874,5457756.695,12.01111111
489457.2035,5457757.551,12.04222222
489457.7196,5457758.408,12.07333333
489458.2356,5457759.264,12.10444444
489458.7517,5457760.121,12.13555556
489459.2678,5457760.977,12.16666667
489459.7839,5457761.834,12.19777778
489460.2999,5457762.69,12.22888889
489460.8163,5457763.547,12.26
489461.4001,5457764.359,12.293
489461.9838,5457765.171,12.326
489462.5675,5457765.983,12.359
489463.1513,5457766.795,12.392
489463.735,5457767.606,12.425
489464.3187,5457768.418,12.458
489464.9024,5457769.23,12.491
489465.4862,5457770.042,12.524
489466.0699,5457770.854,12.557
489466.6537,5457771.666,12.59
489467.282,5457772.444,12.622
489467.9103,5457773.222,12.654
489468.5385,5457774,12.686
489469.1668,5457774.778,12.718
489469.795,5457775.556,12.75
489470.4233,5457776.334,12.782
489471.0516,5457777.112,12.814
489471.6798,5457777.89,12.846
489472.3081,5457778.668,12.878
489472.9364,5457779.446,12.91
489473.5786,5457780.213,12.95
489474.2207,5457780.979,12.99
489474.8628,5457781.746,13.03
489475.5049,5457782.512,13.07
489476.147,5457783.279,13.11
489476.7891,5457784.046,13.15
489477.4313,5457784.812,13.19
489478.0734,5457785.579,13.23
489478.7155,5457786.346,13.27
489479.3576,5457787.112,13.31
489479.9997,5457787.879,13.343
489480.6419,5457788.645,13.376
489481.284,5457789.412,13.409
489481.9261,5457790.179,13.442
489482.5682,5457790.945,13.475
489483.2103,5457791.712,13.508
489483.8524,5457792.478,13.541
489484.4946,5457793.245,13.574
489485.1367,5457794.012,13.607
489485.7788,5457794.778,13.64
489486.4276,5457795.539,13.671
489487.0764,5457796.3,13.702
489487.7252,5457797.061,13.733
489488.3741,5457797.822,13.764
489489.0229,5457798.583,13.795
489489.6717,5457799.344,13.826
489490.3205,5457800.105,13.857
489490.9693,5457800.866,13.888
489491.6181,5457801.627,13.919
489492.267,5457802.388,13.95
489492.9696,5457803.099,13.983
489493.6722,5457803.811,14.016
489494.3749,5457804.522,14.049
489495.0775,5457805.234,14.082
489495.7801,5457805.945,14.115
489496.4828,5457806.657,14.148
489497.1854,5457807.369,14.181
489497.888,5457808.08,14.214
489498.5907,5457808.792,14.247
489499.2973,5457809.499,14.28
489500.0884,5457810.11,14.311
489500.8794,5457810.722,14.342
489501.6704,5457811.334,14.373
489502.4614,5457811.946,14.404
489503.2524,5457812.558,14.435
489504.0435,5457813.169,14.466
489504.8345,5457813.781,14.497
489505.6255,5457814.393,14.528
489506.4165,5457815.005,14.559
489507.2091,5457815.614,14.59
489508.0353,5457816.178,14.6185
489508.8615,5457816.741,14.647
489509.6877,5457817.304,14.6755
489510.5139,5457817.868,14.704
489511.3401,5457818.431,14.7325
489512.1663,5457818.995,14.761
489512.9925,5457819.558,14.7895
489513.8187,5457820.121,14.818
489514.645,5457820.685,14.8465
489515.4721,5457821.247,14.875
489516.3172,5457821.781,14.9155
489517.1623,5457822.316,14.956
489518.0074,5457822.85,14.9965
489518.8525,5457823.385,15.037
489519.6976,5457823.92,15.0775
489520.5427,5457824.454,15.118
489521.3877,5457824.989,15.1585
489522.2328,5457825.524,15.199
489523.0779,5457826.058,15.2395
489523.923,5457826.593,15.28
489524.7681,5457827.127,15.318
489525.6132,5457827.662,15.356
489526.4582,5457828.197,15.394
489527.3033,5457828.731,15.432
489528.1484,5457829.266,15.47
489528.9935,5457829.801,15.508
489529.8386,5457830.335,15.546
489530.6837,5457830.87,15.584
489531.5288,5457831.405,15.622
489532.3748,5457831.938,15.66
489533.2388,5457832.441,15.687
489534.1028,5457832.945,15.714
489534.9668,5457833.448,15.741
489535.8309,5457833.951,15.768
489536.6949,5457834.455,15.795
489537.5589,5457834.958,15.822
489538.4229,5457835.462,15.849
489539.2869,5457835.965,15.876
489540.151,5457836.469,15.903
489541.0175,5457836.967,15.93
489541.9216,5457837.395,15.958
489542.8257,5457837.822,15.986
489543.7298,5457838.249,16.014
489544.6339,5457838.677,16.042
489545.538,5457839.104,16.07
489546.4421,5457839.531,16.098
489547.3462,5457839.959,16.126
489548.2503,5457840.386,16.154
489549.1544,5457840.813,16.182
489550.0585,5457841.241,16.21
489550.9626,5457841.668,16.238
489551.8667,5457842.095,16.266
489552.7708,5457842.523,16.294
489553.6749,5457842.95,16.322
489554.579,5457843.377,16.35
489555.4831,5457843.805,16.378
489556.3872,5457844.232,16.406
489557.2913,5457844.659,16.434
489558.1954,5457845.087,16.462
489559.0995,5457845.514,16.49
489560.0036,5457845.941,16.52
489560.9077,5457846.369,16.55
489561.8118,5457846.796,16.58
489562.7159,5457847.223,16.61
489563.62,5457847.65,16.64
489564.5241,5457848.078,16.67
489565.4282,5457848.505,16.7
489566.3323,5457848.932,16.73
489567.2364,5457849.36,16.76
489568.1405,5457849.787,16.79
489569.0446,5457850.214,16.821
489569.9487,5457850.642,16.852
489570.8528,5457851.069,16.883
489571.7569,5457851.496,16.914
489572.661,5457851.924,16.945
489573.5651,5457852.351,16.976
489574.4692,5457852.778,17.007
489575.3733,5457853.206,17.038
489576.2774,5457853.633,17.069
489577.1815,5457854.06,17.1
489578.0856,5457854.488,17.126
489578.9897,5457854.915,17.152
489579.8938,5457855.342,17.178
489580.7979,5457855.77,17.204
489581.702,5457856.197,17.23
489582.6061,5457856.624,17.256
489583.5102,5457857.052,17.282
489584.4143,5457857.479,17.308
489585.3184,5457857.906,17.334
489586.2225,5457858.334,17.36
489587.1266,5457858.761,17.3875
489588.0307,5457859.188,17.415
489588.9348,5457859.616,17.4425
489589.8389,5457860.043,17.47
489590.743,5457860.47,17.4975
489591.6471,5457860.897,17.525
489592.5512,5457861.325,17.5525
489593.4553,5457861.752,17.58
489594.3594,5457862.179,17.6075
489595.2635,5457862.607,17.635
489596.1676,5457863.034,17.6685
489597.0717,5457863.461,17.702
489597.9758,5457863.889,17.7355
489598.8799,5457864.316,17.769
489599.784,5457864.743,17.8025
489600.6881,5457865.171,17.836
489601.5922,5457865.598,17.8695
489602.4963,5457866.025,17.903
489603.4004,5457866.453,17.9365
489604.3045,5457866.88,17.97
489605.2086,5457867.307,18
489606.1127,5457867.735,18.03
489607.0168,5457868.162,18.06
489607.9209,5457868.589,18.09
489608.825,5457869.017,18.12
489609.7291,5457869.444,18.15
489610.6331,5457869.871,18.18
489611.5372,5457870.299,18.21
489612.4413,5457870.726,18.24
489613.3444,5457871.155,18.27
489614.2267,5457871.626,18.297
489615.109,5457872.097,18.324
489615.9913,5457872.567,18.351
489616.8736,5457873.038,18.378
489617.7559,5457873.509,18.405
489618.6382,5457873.979,18.432
489619.5205,5457874.45,18.459
489620.4028,5457874.921,18.486
489621.2851,5457875.391,18.513
489622.1673,5457875.862,18.54
489623.047,5457876.338,18.574
489623.9267,5457876.813,18.608
489624.8064,5457877.289,18.642
489625.6861,5457877.764,18.676
489626.5658,5457878.24,18.71
489627.4455,5457878.715,18.744
489628.3252,5457879.191,18.778
489629.205,5457879.666,18.812
489630.0847,5457880.142,18.846
489630.9644,5457880.618,18.88
489631.8441,5457881.093,18.909
489632.7238,5457881.569,18.938
489633.6035,5457882.044,18.967
489634.4832,5457882.52,18.996
489635.3629,5457882.995,19.025
489636.2426,5457883.471,19.054
489637.1223,5457883.946,19.083
489638.002,5457884.422,19.112
489638.8817,5457884.897,19.141
489639.7626,5457885.37,19.17
489640.6698,5457885.791,19.197
489641.5771,5457886.212,19.224
489642.4843,5457886.632,19.251
489643.3915,5457887.053,19.278
489644.2987,5457887.474,19.305
489645.2059,5457887.894,19.332
489646.1132,5457888.315,19.359
489647.0204,5457888.736,19.386
489647.9276,5457889.156,19.413
489648.835,5457889.576,19.44
489649.7459,5457889.989,19.491
489650.6569,5457890.402,19.542
489651.5678,5457890.814,19.593
489652.4788,5457891.227,19.644
489653.3897,5457891.639,19.695
489654.3006,5457892.052,19.746
489655.2116,5457892.464,19.797
489656.1225,5457892.877,19.848
489657.0335,5457893.289,19.899
489657.9444,5457893.702,19.95
489658.8553,5457894.114,19.963
489659.7663,5457894.527,19.976
489660.6772,5457894.939,19.989
489661.5882,5457895.352,20.002
489662.4991,5457895.765,20.015
489663.41,5457896.177,20.028
489664.321,5457896.59,20.041
489665.2319,5457897.002,20.054
489666.1428,5457897.415,20.067
489667.0537,5457897.827,20.08
489667.963,5457898.244,20.1095
489668.8722,5457898.66,20.139
489669.7815,5457899.076,20.1685
489670.6907,5457899.492,20.198
489671.6,5457899.909,20.2275
489672.5092,5457900.325,20.257
489673.4185,5457900.741,20.2865
489674.3277,5457901.157,20.316
489675.237,5457901.574,20.3455
489676.1457,5457901.991,20.375
489677.043,5457902.432,20.4085
489677.9402,5457902.874,20.442
489678.8375,5457903.316,20.4755
489679.7347,5457903.757,20.509
489680.632,5457904.199,20.5425
489681.5292,5457904.64,20.576
489682.4264,5457905.082,20.6095
489683.3237,5457905.523,20.643
489684.2209,5457905.965,20.6765
489685.1182,5457906.406,20.71
489686.0154,5457906.848,20.735
489686.9127,5457907.289,20.76
489687.8099,5457907.731,20.785
489688.7071,5457908.172,20.81
489689.6044,5457908.614,20.835
489690.5016,5457909.056,20.86
489691.3989,5457909.497,20.885
489692.2961,5457909.939,20.91
489693.1934,5457910.38,20.935
489694.0906,5457910.822,20.96
489694.9878,5457911.263,20.9885
489695.8851,5457911.705,21.017
489696.7823,5457912.146,21.0455
489697.6796,5457912.588,21.074
489698.5768,5457913.029,21.1025
489699.474,5457913.471,21.131
489700.3713,5457913.912,21.1595
489701.2685,5457914.354,21.188
489702.1658,5457914.796,21.2165
489703.063,5457915.237,21.245
489703.9603,5457915.679,21.2765
489704.8575,5457916.12,21.308
489705.7547,5457916.562,21.3395
489706.652,5457917.003,21.371
489707.5492,5457917.445,21.4025
489708.4465,5457917.886,21.434
489709.3437,5457918.328,21.4655
489710.241,5457918.769,21.497
489711.1382,5457919.211,21.5285
489712.0354,5457919.652,21.56
489712.9327,5457920.094,21.596
489713.8299,5457920.536,21.632
489714.7272,5457920.977,21.668
489715.6244,5457921.419,21.704
489716.5217,5457921.86,21.74
489717.4189,5457922.302,21.776
489718.3161,5457922.743,21.812
489719.2134,5457923.185,21.848
489720.1106,5457923.626,21.884
489721.0079,5457924.068,21.92
489721.9051,5457924.509,21.941
489722.8024,5457924.951,21.962
489723.6996,5457925.392,21.983
489724.5968,5457925.834,22.004
489725.4941,5457926.276,22.025
489726.3913,5457926.717,22.046
489727.2886,5457927.159,22.067
489728.1858,5457927.6,22.088
489729.0831,5457928.042,22.109
489729.9803,5457928.483,22.13
489730.8775,5457928.925,22.169
489731.7748,5457929.366,22.208
489732.672,5457929.808,22.247
489733.5693,5457930.249,22.286
489734.4665,5457930.691,22.325
489735.3638,5457931.132,22.364
489736.261,5457931.574,22.403
489737.1582,5457932.016,22.442
489738.0555,5457932.457,22.481
489738.9527,5457932.899,22.52
489739.85,5457933.34,22.537
489740.7472,5457933.782,22.554
489741.6445,5457934.223,22.571
489742.5417,5457934.665,22.588
489743.4389,5457935.106,22.605
489744.3362,5457935.548,22.622
489745.2334,5457935.989,22.639
489746.1307,5457936.431,22.656
489747.0279,5457936.872,22.673
489747.9252,5457937.314,22.69
489748.8224,5457937.756,22.7285
489749.7196,5457938.197,22.767
489750.6169,5457938.639,22.8055
489751.5141,5457939.08,22.844
489752.4114,5457939.522,22.8825
489753.3086,5457939.963,22.921
489754.2059,5457940.405,22.9595
489755.1031,5457940.846,22.998
489756.0003,5457941.288,23.0365
489756.8976,5457941.729,23.075
489757.7948,5457942.171,23.1095
489758.6921,5457942.612,23.144
489759.5893,5457943.054,23.1785
489760.4865,5457943.496,23.213
489761.3838,5457943.937,23.2475
489762.281,5457944.379,23.282
489763.1783,5457944.82,23.3165
489764.0755,5457945.262,23.351
489764.9728,5457945.703,23.3855
489765.87,5457946.145,23.42
489766.7672,5457946.586,23.451
489767.6645,5457947.028,23.482
489768.5617,5457947.469,23.513
489769.459,5457947.911,23.544
489770.3562,5457948.352,23.575
489771.2535,5457948.794,23.606
489772.1507,5457949.235,23.637
489773.0479,5457949.677,23.668
489773.9452,5457950.119,23.699
489774.8424,5457950.56,23.73
489775.7397,5457951.002,23.759
489776.6369,5457951.443,23.788
489777.5342,5457951.885,23.817
489778.4314,5457952.326,23.846
489779.3286,5457952.768,23.875
489780.2259,5457953.209,23.904
489781.1231,5457953.651,23.933
489782.0204,5457954.092,23.962
489782.9176,5457954.534,23.991
489783.8149,5457954.975,24.02
489784.7121,5457955.417,24.048
489785.6093,5457955.859,24.076
489786.5066,5457956.3,24.104
489787.4038,5457956.742,24.132
489788.3011,5457957.183,24.16
489789.1983,5457957.625,24.188
489790.0956,5457958.066,24.216
489790.9928,5457958.508,24.244
489791.89,5457958.949,24.272
489792.7873,5457959.391,24.3
489793.6845,5457959.832,24.328
489794.5818,5457960.274,24.356
489795.479,5457960.715,24.384
489796.3763,5457961.157,24.412
489797.2735,5457961.599,24.44
489798.1707,5457962.04,24.468
489799.068,5457962.482,24.496
489799.9652,5457962.923,24.524
489800.8625,5457963.365,24.552
489801.7597,5457963.806,24.58
489802.657,5457964.248,24.61
489803.5542,5457964.689,24.64
489804.4514,5457965.131,24.67
489805.3487,5457965.572,24.7
489806.2459,5457966.014,24.73
489807.1432,5457966.455,24.76
489808.0404,5457966.897,24.79
489808.9377,5457967.339,24.82
489809.8349,5457967.78,24.85
489810.7321,5457968.222,24.88
489811.6294,5457968.663,24.91
489812.5266,5457969.105,24.94
489813.4239,5457969.546,24.97
489814.3211,5457969.988,25
489815.2184,5457970.429,25.03
489816.1156,5457970.871,25.06
489817.0128,5457971.312,25.09
489817.9101,5457971.754,25.12
489818.8073,5457972.195,25.15
489819.7046,5457972.637,25.18
489820.6018,5457973.079,25.217
489821.499,5457973.52,25.254
489822.3963,5457973.962,25.291
489823.2935,5457974.403,25.328
489824.1908,5457974.845,25.365
489825.088,5457975.286,25.402
489825.9853,5457975.728,25.439
489826.8825,5457976.169,25.476
489827.7797,5457976.611,25.513
489828.677,5457977.052,25.55
489829.5746,5457977.493,25.569
489830.4722,5457977.934,25.588
489831.3698,5457978.375,25.607
489832.2674,5457978.816,25.626
489833.165,5457979.256,25.645
489834.0626,5457979.697,25.664
489834.9602,5457980.138,25.683
489835.8578,5457980.579,25.702
489836.7554,5457981.02,25.721
489837.653,5457981.46,25.74
489838.552,5457981.898,25.779
489839.451,5457982.336,25.818
489840.35,5457982.774,25.857
489841.249,5457983.212,25.896
489842.148,5457983.65,25.935
489843.047,5457984.088,25.974
489843.946,5457984.526,26.013
489844.8451,5457984.964,26.052
489845.7441,5457985.402,26.091
489846.6431,5457985.84,26.13
489847.5421,5457986.278,26.158
489848.4411,5457986.716,26.186
489849.3401,5457987.154,26.214
489850.2391,5457987.592,26.242
489851.1381,5457988.029,26.27
489852.0371,5457988.467,26.298
489852.9361,5457988.905,26.326
489853.8351,5457989.343,26.354
489854.7341,5457989.781,26.382
489855.6331,5457990.219,26.41
489856.5321,5457990.657,26.442
489857.4312,5457991.095,26.474
489858.3302,5457991.533,26.506
489859.2292,5457991.971,26.538
489860.1282,5457992.409,26.57
489861.0272,5457992.847,26.602
489861.9262,5457993.285,26.634
489862.8252,5457993.723,26.666
489863.7242,5457994.161,26.698
489864.6232,5457994.598,26.73
489865.5222,5457995.036,26.754
489866.4212,5457995.474,26.778
489867.3202,5457995.912,26.802
489868.2192,5457996.35,26.826
489869.1182,5457996.788,26.85
489870.0173,5457997.226,26.874
489870.9163,5457997.664,26.898
489871.8153,5457998.102,26.922
489872.7143,5457998.54,26.946
489873.6133,5457998.978,26.97
489874.5123,5457999.416,27.004
489875.4113,5457999.854,27.038
489876.3103,5458000.292,27.072
489877.2093,5458000.73,27.106
489878.1083,5458001.168,27.14
489879.0073,5458001.605,27.174
489879.9063,5458002.043,27.208
489880.8053,5458002.481,27.242
489881.7043,5458002.919,27.276
489882.6034,5458003.357,27.31
489883.5024,5458003.795,27.3415
489884.4014,5458004.233,27.373
489885.3004,5458004.671,27.4045
489886.1994,5458005.109,27.436
489887.0984,5458005.547,27.4675
489887.9974,5458005.985,27.499
489888.8964,5458006.423,27.5305
489889.7954,5458006.861,27.562
489890.6944,5458007.299,27.5935
489891.5934,5458007.737,27.625
489892.4924,5458008.174,27.6465
489893.3914,5458008.612,27.668
489894.2904,5458009.05,27.6895
489895.1895,5458009.488,27.711
489896.0885,5458009.926,27.7325
489896.9875,5458010.364,27.754
489897.8865,5458010.802,27.7755
489898.7855,5458011.24,27.797
489899.6845,5458011.678,27.8185
489900.5835,5458012.116,27.84
489901.4825,5458012.554,27.874
489902.3815,5458012.992,27.908
489903.2805,5458013.43,27.942
489904.1795,5458013.868,27.976
489905.0785,5458014.306,28.01
489905.9775,5458014.743,28.044
489906.8765,5458015.181,28.078
489907.7756,5458015.619,28.112
489908.6746,5458016.057,28.146
489909.5736,5458016.495,28.18
489910.4726,5458016.933,28.212
489911.3716,5458017.371,28.244
489912.2706,5458017.809,28.276
489913.1696,5458018.247,28.308
489914.0686,5458018.685,28.34
489914.9676,5458019.123,28.372
489915.8666,5458019.561,28.404
489916.7656,5458019.999,28.436
489917.6646,5458020.437,28.468
489918.5636,5458020.875,28.5
489919.4626,5458021.312,28.533
489920.3617,5458021.75,28.566
489921.2607,5458022.188,28.599
489922.1597,5458022.626,28.632
489923.0587,5458023.064,28.665
489923.9577,5458023.502,28.698
489924.8567,5458023.94,28.731
489925.7557,5458024.378,28.764
489926.6547,5458024.816,28.797
489927.5537,5458025.254,28.83
489928.4527,5458025.692,28.853
489929.3517,5458026.13,28.876
489930.2507,5458026.568,28.899
489931.1497,5458027.006,28.922
489932.0487,5458027.444,28.945
489932.9478,5458027.881,28.968
489933.8468,5458028.319,28.991
489934.7458,5458028.757,29.014
489935.6448,5458029.195,29.037
489936.5438,5458029.633,29.06
489937.4428,5458030.071,29.099
489938.3418,5458030.509,29.138
489939.2408,5458030.947,29.177
489940.1398,5458031.385,29.216
489941.0388,5458031.823,29.255
489941.9378,5458032.261,29.294
489942.8368,5458032.699,29.333
489943.7358,5458033.137,29.372
489944.6348,5458033.575,29.411
489945.5339,5458034.013,29.45
489946.4329,5458034.45,29.483
489947.3319,5458034.888,29.516
489948.2309,5458035.326,29.549
489949.1299,5458035.764,29.582
489950.0289,5458036.202,29.615
489950.9279,5458036.64,29.648
489951.8269,5458037.078,29.681
489952.7259,5458037.516,29.714
489953.6249,5458037.954,29.747
489954.5239,5458038.392,29.78
489955.4229,5458038.83,29.808
489956.3219,5458039.268,29.836
489957.2209,5458039.706,29.864
489958.12,5458040.144,29.892
489959.019,5458040.582,29.92
489959.918,5458041.019,29.948
489960.817,5458041.457,29.976
489961.716,5458041.895,30.004
489962.615,5458042.333,30.032
489963.514,5458042.771,30.06
489964.413,5458043.209,30.092
489965.312,5458043.647,30.124
489966.211,5458044.085,30.156
489967.11,5458044.523,30.188
489968.009,5458044.961,30.22
489968.908,5458045.399,30.252
489969.807,5458045.837,30.284
489970.7061,5458046.275,30.316
489971.6051,5458046.713,30.348
489972.5041,5458047.151,30.38
489973.4031,5458047.588,30.408
489974.3021,5458048.026,30.436
489975.2011,5458048.464,30.464
489976.1001,5458048.902,30.492
489976.9991,5458049.34,30.52
489977.8981,5458049.778,30.548
489978.7971,5458050.216,30.576
489979.6961,5458050.654,30.604
489980.5951,5458051.092,30.632
489981.4941,5458051.53,30.66
489982.3931,5458051.968,30.682
489983.2922,5458052.406,30.704
489984.1912,5458052.844,30.726
489985.0902,5458053.282,30.748
489985.9892,5458053.72,30.77
489986.8882,5458054.158,30.792
489987.7872,5458054.595,30.814
489988.6862,5458055.033,30.836
489989.5852,5458055.471,30.858
489990.4842,5458055.909,30.88
489991.3832,5458056.347,30.917
489992.2822,5458056.785,30.954
489993.1812,5458057.223,30.991
489994.0802,5458057.661,31.028
489994.9792,5458058.099,31.065
489995.8783,5458058.537,31.102
489996.7773,5458058.975,31.139
489997.6763,5458059.413,31.176
489998.5753,5458059.851,31.213
489999.4743,5458060.289,31.25
490000.3733,5458060.727,31.274
490001.2723,5458061.164,31.298
490002.1713,5458061.602,31.322
490003.0703,5458062.04,31.346
490003.9693,5458062.478,31.37
490004.8683,5458062.916,31.394
490005.7673,5458063.354,31.418
490006.6663,5458063.792,31.442
490007.5653,5458064.23,31.466
490008.4644,5458064.668,31.49
490009.3634,5458065.106,31.518
490010.2624,5458065.544,31.546
490011.1614,5458065.982,31.574
490012.0604,5458066.42,31.602
490012.9594,5458066.858,31.63
490013.8584,5458067.296,31.658
490014.7574,5458067.733,31.686
490015.6564,5458068.171,31.714
490016.5554,5458068.609,31.742
490017.4544,5458069.047,31.77
490018.3534,5458069.485,31.782
490019.2524,5458069.923,31.794
490020.1514,5458070.361,31.806
490021.0505,5458070.799,31.818
490021.9495,5458071.237,31.83
490022.8485,5458071.675,31.842
490023.7475,5458072.113,31.854
490024.6465,5458072.551,31.866
490025.5455,5458072.989,31.878
490026.4445,5458073.427,31.89
490027.3435,5458073.865,31.898
490028.2425,5458074.302,31.906
490029.1415,5458074.74,31.914
490030.0405,5458075.178,31.922
490030.9395,5458075.616,31.93
490031.8385,5458076.054,31.938
490032.7375,5458076.492,31.946
490033.6366,5458076.93,31.954
490034.5356,5458077.368,31.962
490035.4346,5458077.806,31.97
490036.3336,5458078.244,31.983
490037.2326,5458078.682,31.996
490038.1316,5458079.12,32.009
490039.0306,5458079.558,32.022
490039.9296,5458079.996,32.035
490040.8286,5458080.434,32.048
490041.7276,5458080.871,32.061
490042.6266,5458081.309,32.074
490043.5256,5458081.747,32.087
490044.4246,5458082.185,32.1
490045.3237,5458082.623,32.12
490046.2227,5458083.061,32.14
490047.1217,5458083.499,32.16
490048.0207,5458083.937,32.18
490048.9197,5458084.375,32.2
490049.8187,5458084.813,32.22
490050.7177,5458085.251,32.24
490051.6167,5458085.689,32.26
490052.5157,5458086.127,32.28
490053.4147,5458086.565,32.3
490054.3124,5458087.005,32.297
490055.2101,5458087.446,32.294
490056.1077,5458087.887,32.291
490057.0054,5458088.327,32.288
490057.903,5458088.768,32.285
490058.8007,5458089.209,32.282
490059.6983,5458089.649,32.279
490060.596,5458090.09,32.276
490061.4936,5458090.531,32.273
490062.3913,5458090.972,32.27
490063.2877,5458091.415,32.245
490064.184,5458091.858,32.22
490065.0804,5458092.302,32.195
490065.9767,5458092.745,32.17
490066.873,5458093.188,32.145
490067.7694,5458093.632,32.12
490068.6657,5458094.075,32.095
490069.562,5458094.518,32.07
490070.4584,5458094.962,32.045
490071.3547,5458095.405,32.02
490072.251,5458095.849,32.007
490073.1474,5458096.292,31.994
490074.0437,5458096.735,31.981
490074.94,5458097.179,31.968
490075.8364,5458097.622,31.955
490076.7327,5458098.066,31.942
490077.629,5458098.509,31.929
490078.5253,5458098.952,31.916
490079.4217,5458099.396,31.903
490080.318,5458099.839,31.89
490081.2143,5458100.282,31.88
490082.1107,5458100.726,31.87
490083.007,5458101.169,31.86
490083.9033,5458101.613,31.85
490084.7997,5458102.056,31.84
490085.696,5458102.499,31.83
490086.5923,5458102.943,31.82
490087.4887,5458103.386,31.81
490088.385,5458103.829,31.8
490089.2813,5458104.273,31.79
490090.1777,5458104.716,31.758
490091.074,5458105.16,31.726
490091.9703,5458105.603,31.694
490092.8667,5458106.046,31.662
490093.763,5458106.49,31.63
490094.6593,5458106.933,31.598
490095.5557,5458107.377,31.566
490096.452,5458107.82,31.534
490097.3483,5458108.263,31.502
490098.2447,5458108.707,31.47
490099.141,5458109.15,31.4445
490100.0373,5458109.593,31.419
490100.9337,5458110.037,31.3935
490101.83,5458110.48,31.368
490102.7263,5458110.924,31.3425
490103.6227,5458111.367,31.317
490104.519,5458111.81,31.2915
490105.4153,5458112.254,31.266
490106.3117,5458112.697,31.2405
490107.208,5458113.14,31.215
490108.1043,5458113.584,31.1895
490109.0007,5458114.027,31.164
490109.897,5458114.471,31.1385
490110.7933,5458114.914,31.113
490111.6897,5458115.357,31.0875
490112.586,5458115.801,31.062
490113.4823,5458116.244,31.0365
490114.3787,5458116.688,31.011
490115.275,5458117.131,30.9855
490116.1713,5458117.574,30.96
490117.0677,5458118.018,30.926
490117.964,5458118.461,30.892
490118.8603,5458118.904,30.858
490119.7567,5458119.348,30.824
490120.653,5458119.791,30.79
490121.5493,5458120.235,30.756
490122.4457,5458120.678,30.722
490123.342,5458121.121,30.688
490124.2383,5458121.565,30.654
490125.1347,5458122.008,30.62
490126.031,5458122.451,30.5915
490126.9273,5458122.895,30.563
490127.8237,5458123.338,30.5345
490128.72,5458123.782,30.506
490129.6163,5458124.225,30.4775
490130.5127,5458124.668,30.449
490131.409,5458125.112,30.4205
490132.3053,5458125.555,30.392
490133.2017,5458125.999,30.3635
490134.098,5458126.442,30.335
490134.9943,5458126.885,30.2935
490135.8907,5458127.329,30.252
490136.787,5458127.772,30.2105
490137.6833,5458128.215,30.169
490138.5797,5458128.659,30.1275
490139.476,5458129.102,30.086
490140.3723,5458129.546,30.0445
490141.2687,5458129.989,30.003
490142.165,5458130.432,29.9615
490143.0613,5458130.876,29.92
490143.9577,5458131.319,29.902
490144.854,5458131.763,29.884
490145.7503,5458132.206,29.866
490146.6467,5458132.649,29.848
490147.543,5458133.093,29.83
490148.4393,5458133.536,29.812
490149.3357,5458133.979,29.794
490150.232,5458134.423,29.776
490151.1283,5458134.866,29.758
490152.0247,5458135.31,29.74
490152.921,5458135.753,29.703
490153.8173,5458136.196,29.666
490154.7137,5458136.64,29.629
490155.61,5458137.083,29.592
490156.5063,5458137.526,29.555
490157.4027,5458137.97,29.518
490158.299,5458138.413,29.481
490159.1953,5458138.857,29.444
490160.0917,5458139.3,29.407
490160.988,5458139.743,29.37
490161.8843,5458140.187,29.34
490162.7807,5458140.63,29.31
490163.677,5458141.074,29.28
490164.5733,5458141.517,29.25
490165.4697,5458141.96,29.22
490166.366,5458142.404,29.19
490167.2623,5458142.847,29.16
490168.1587,5458143.29,29.13
490169.055,5458143.734,29.1
490169.9513,5458144.177,29.07
490170.8477,5458144.621,29.047
490171.744,5458145.064,29.024
490172.6403,5458145.507,29.001
490173.5367,5458145.951,28.978
490174.433,5458146.394,28.955
490175.3293,5458146.837,28.932
490176.2257,5458147.281,28.909
490177.122,5458147.724,28.886
490178.0183,5458148.168,28.863
490178.9147,5458148.611,28.84
490179.811,5458149.054,28.8085
490180.7073,5458149.498,28.777
490181.6037,5458149.941,28.7455
490182.5,5458150.385,28.714
490183.3963,5458150.828,28.6825
490184.2927,5458151.271,28.651
490185.189,5458151.715,28.6195
490186.0853,5458152.158,28.588
490186.9817,5458152.601,28.5565
490187.878,5458153.045,28.525
490188.7743,5458153.488,28.4935
490189.6707,5458153.932,28.462
490190.567,5458154.375,28.4305
490191.4633,5458154.818,28.399
490192.3597,5458155.262,28.3675
490193.256,5458155.705,28.336
490194.1523,5458156.148,28.3045
490195.0487,5458156.592,28.273
490195.945,5458157.035,28.2415
490196.8413,5458157.479,28.21
490197.7377,5458157.922,28.175
490198.634,5458158.365,28.14
490199.5303,5458158.809,28.105
490200.4266,5458159.252,28.07
490201.323,5458159.696,28.035
490202.2193,5458160.139,28
490203.1156,5458160.582,27.965
490204.012,5458161.026,27.93
490204.9083,5458161.469,27.895
490205.8046,5458161.912,27.86
490206.701,5458162.356,27.831
490207.5973,5458162.799,27.802
490208.4936,5458163.243,27.773
490209.39,5458163.686,27.744
490210.2863,5458164.129,27.715
490211.1826,5458164.573,27.686
490212.079,5458165.016,27.657
490212.9753,5458165.459,27.628
490213.8716,5458165.903,27.599
490214.768,5458166.346,27.57
490215.6643,5458166.79,27.55
490216.5606,5458167.233,27.53
490217.457,5458167.676,27.51
490218.3533,5458168.12,27.49
490219.2496,5458168.563,27.47
490220.146,5458169.007,27.45
490221.0423,5458169.45,27.43
490221.9386,5458169.893,27.41
490222.835,5458170.337,27.39
490223.7313,5458170.78,27.37
490224.6276,5458171.223,27.339
490225.524,5458171.667,27.308
490226.4203,5458172.11,27.277
490227.3166,5458172.554,27.246
490228.213,5458172.997,27.215
490229.1093,5458173.44,27.184
490230.0056,5458173.884,27.153
490230.902,5458174.327,27.122
490231.7983,5458174.77,27.091
490232.6946,5458175.214,27.06
490233.591,5458175.657,27.027
490234.4873,5458176.101,26.994
490235.3836,5458176.544,26.961
490236.28,5458176.987,26.928
490237.1763,5458177.431,26.895
490238.0726,5458177.874,26.862
490238.969,5458178.318,26.829
490239.8653,5458178.761,26.796
490240.7616,5458179.204,26.763
490241.658,5458179.648,26.73
490242.5543,5458180.091,26.702
490243.4506,5458180.534,26.674
490244.347,5458180.978,26.646
490245.2433,5458181.421,26.618
490246.1396,5458181.865,26.59
490247.036,5458182.308,26.562
490247.9323,5458182.751,26.534
490248.8286,5458183.195,26.506
490249.725,5458183.638,26.478
490250.6213,5458184.082,26.45
490251.5176,5458184.525,26.423
490252.414,5458184.968,26.396
490253.3103,5458185.412,26.369
490254.2066,5458185.855,26.342
490255.103,5458186.298,26.315
490255.9993,5458186.742,26.288
490256.8956,5458187.185,26.261
490257.792,5458187.629,26.234
490258.6883,5458188.072,26.207
490259.5846,5458188.515,26.18
490260.481,5458188.959,26.1405
490261.3773,5458189.402,26.101
490262.2736,5458189.845,26.0615
490263.17,5458190.289,26.022
490264.0663,5458190.732,25.9825
490264.9626,5458191.176,25.943
490265.859,5458191.619,25.9035
490266.7553,5458192.062,25.864
490267.6516,5458192.506,25.8245
490268.548,5458192.949,25.785
490269.4443,5458193.393,25.7605
490270.3406,5458193.836,25.736
490271.237,5458194.279,25.7115
490272.1333,5458194.723,25.687
490273.0296,5458195.166,25.6625
490273.926,5458195.609,25.638
490274.8223,5458196.053,25.6135
490275.7186,5458196.496,25.589
490276.615,5458196.94,25.5645
490277.5113,5458197.383,25.54
490278.4076,5458197.826,25.512
490279.304,5458198.27,25.484
490280.2003,5458198.713,25.456
490281.0966,5458199.156,25.428
490281.993,5458199.6,25.4
490282.8893,5458200.043,25.372
490283.7856,5458200.487,25.344
490284.682,5458200.93,25.316
490285.5783,5458201.373,25.288
490286.4746,5458201.817,25.26
490287.371,5458202.26,25.2315
490288.2673,5458202.704,25.203
490289.1636,5458203.147,25.1745
490290.06,5458203.59,25.146
490290.9563,5458204.034,25.1175
490291.8526,5458204.477,25.089
490292.749,5458204.92,25.0605
490293.6453,5458205.364,25.032
490294.5416,5458205.807,25.0035
490295.438,5458206.251,24.975
490296.3453,5458206.671,24.9485
490297.2539,5458207.089,24.922
490298.1624,5458207.506,24.8955
490299.0709,5458207.924,24.869
490299.9794,5458208.342,24.8425
490300.888,5458208.76,24.816
490301.7965,5458209.178,24.7895
490302.705,5458209.596,24.763
490303.6136,5458210.013,24.7365
490304.5221,5458210.431,24.71
490305.4331,5458210.844,24.678
490306.3444,5458211.255,24.646
490307.2556,5458211.667,24.614
490308.1669,5458212.079,24.582
490309.0782,5458212.491,24.55
490309.9894,5458212.903,24.518
490310.9007,5458213.314,24.486
490311.812,5458213.726,24.454
490312.7233,5458214.138,24.422
490313.6345,5458214.55,24.39
490314.5521,5458214.947,24.3625
490315.4703,5458215.344,24.335
490316.3885,5458215.74,24.3075
490317.3068,5458216.136,24.28
490318.225,5458216.532,24.2525
490319.1432,5458216.928,24.225
490320.0614,5458217.324,24.1975
490320.9797,5458217.72,24.17
490321.8979,5458218.116,24.1425
490322.8161,5458218.512,24.115
490323.7383,5458218.899,24.0975
490324.6608,5458219.285,24.08
490325.5834,5458219.671,24.0625
490326.5059,5458220.056,24.045
490327.4285,5458220.442,24.0275
490328.351,5458220.828,24.01
490329.2736,5458221.214,23.9925
490330.1962,5458221.6,23.975
490331.1187,5458221.986,23.9575
490332.0413,5458222.372,23.94
490332.9638,5458222.757,23.922
490333.8864,5458223.143,23.904
490334.8089,5458223.529,23.886
490335.7315,5458223.915,23.868
490336.6541,5458224.301,23.85
490337.5766,5458224.687,23.832
490338.4992,5458225.073,23.814
490339.4217,5458225.458,23.796
490340.3443,5458225.844,23.778
490341.2668,5458226.23,23.76
