timestamp,latitude,longitude,altitude
2022-02-19T00:12:35Z,49.27247,-123.144947,14.2
2022-02-19T00:12:45Z,49.272478,-123.14494,14.2
2022-02-19T00:12:55Z,49.272486,-123.144933,14.3
2022-02-19T00:13:05Z,49.272493,-123.144926,14.3
2022-02-19T00:13:15Z,49.272501,-123.144919,14.3
2022-02-19T00:13:25Z,49.272509,-123.144912,14.3
2022-02-19T00:13:35Z,49.272517,-123.144904,14.3
2022-02-19T00:13:45Z,49.272524,-123.144897,14.3
2022-02-19T00:13:55Z,49.272532,-123.14489,14.3
2022-02-19T00:14:05Z,49.27254,-123.144883,14.3
2022-02-19T00:14:15Z,49.272547,-123.144875,14.3
2022-02-19T00:14:25Z,49.272554,-123.144867,14.3
2022-02-19T00:14:35Z,49.272562,-123.144859,14.3
2022-02-19T00:14:45Z,49.272569,-123.144851,14.3
2022-02-19T00:14:55Z,49.272576,-123.144843,14.3
2022-02-19T00:15:05Z,49.272584,-123.144835,14.3
2022-02-19T00:15:15Z,49.272591,-123.144827,14.2
2022-02-19T00:15:25Z,49.272598,-123.144819,14.2
2022-02-19T00:15:35Z,49.272606,-123.144811,14.2
2022-02-19T00:15:45Z,49.272613,-123.144803,14.2
2022-02-19T00:15:55Z,49.27262,-123.144795,14.2
2022-02-19T00:16:05Z,49.272627,-123.144786,14.2
2022-02-19T00:16:15Z,49.2726339,-123.144777,14.2
2022-02-19T00:16:25Z,49.272641,-123.144769,14.2
2022-02-19T00:16:35Z,49.2726479,-123.14476,14.2
2022-02-19T00:16:45Z,49.272655,-123.144752,14.2
2022-02-19T00:16:55Z,49.2726619,-123.144743,14.2
2022-02-19T00:17:05Z,49.272669,-123.144734,14.2
2022-02-19T00:17:15Z,49.272676,-123.144726,14.2
2022-02-19T00:17:25Z,49.272683,-123.144717,14.2
2022-02-19T00:17:35Z,49.27269,-123.144708,14.2
2022-02-19T00:17:45Z,49.272697,-123.144699,14.2
2022-02-19T00:17:55Z,49.272704,-123.144691,14.2
2022-02-19T00:18:05Z,49.272711,-123.144682,14.2
2022-02-19T00:18:15Z,49.272717,-123.144673,14.2
2022-02-19T00:18:25Z,49.2727239,-123.144664,14.2
2022-02-19T00:18:35Z,49.272731,-123.144655,14.2
2022-02-19T00:18:45Z,49.2727379,-123.144647,14.2
2022-02-19T00:18:55Z,49.272745,-123.144638,14.2
2022-02-19T00:19:05Z,49.2727519,-123.144629,14.2
2022-02-19T00:19:15Z,49.272759,-123.14462,14.2
2022-02-19T00:19:25Z,49.272766,-123.144611,14.1
2022-02-19T00:19:35Z,49.272773,-123.144603,14.1
2022-02-19T00:19:45Z,49.27278,-123.144594,14.1
2022-02-19T00:19:55Z,49.272787,-123.144585,14.1
2022-02-19T00:20:05Z,49.272793,-123.144576,14.1
2022-02-19T00:20:15Z,49.2727999,-123.144567,14.1
2022-02-19T00:20:25Z,49.272807,-123.144559,14.1
2022-02-19T00:20:35Z,49.2728139,-123.14455,14.1
2022-02-19T00:20:45Z,49.272821,-123.144541,14.1
2022-02-19T00:20:55Z,49.2728279,-123.144532,14.1
2022-02-19T00:21:05Z,49.272835,-123.144523,14.1
2022-02-19T00:21:15Z,49.272842,-123.144514,14.0
2022-02-19T00:21:25Z,49.272849,-123.144505,14.0
2022-02-19T00:21:35Z,49.272855,-123.144496,14.0
2022-02-19T00:21:45Z,49.272862,-123.144487,14.0
2022-02-19T00:21:55Z,49.272869,-123.144479,14.0
2022-02-19T00:22:05Z,49.2728759,-123.14447,14.0
2022-02-19T00:22:15Z,49.272883,-123.144461,14.0
2022-02-19T00:22:25Z,49.2728899,-123.144452,14.0
2022-02-19T00:22:35Z,49.272896,-123.144442,13.9
2022-02-19T00:22:45Z,49.272902,-123.144433,13.9
2022-02-19T00:22:55Z,49.272909,-123.144423,13.9
2022-02-19T00:23:05Z,49.272915,-123.144413,13.9
2022-02-19T00:23:15Z,49.272922,-123.144404,13.9
2022-02-19T00:23:25Z,49.272928,-123.144394,13.9
2022-02-19T00:23:35Z,49.2729349,-123.144384,13.9
2022-02-19T00:23:45Z,49.272941,-123.144375,13.9
2022-02-19T00:23:55Z,49.272947,-123.144365,13.9
2022-02-19T00:24:05Z,49.272954,-123.144355,13.8
2022-02-19T00:24:15Z,49.272959,-123.144345,13.8
2022-02-19T00:24:25Z,49.272965,-123.144334,13.8
2022-02-19T00:24:35Z,49.27297,-123.144323,13.8
2022-02-19T00:24:45Z,49.272976,-123.144312,13.8
2022-02-19T00:24:55Z,49.272981,-123.144301,13.8
2022-02-19T00:25:05Z,49.272987,-123.14429,13.8
2022-02-19T00:25:15Z,49.272992,-123.144279,13.8
2022-02-19T00:25:25Z,49.272998,-123.144269,13.8
2022-02-19T00:25:35Z,49.273003,-123.144258,13.8
2022-02-19T00:25:45Z,49.273009,-123.144247,13.8
2022-02-19T00:25:55Z,49.273014,-123.144235,13.8
2022-02-19T00:26:05Z,49.273019,-123.144224,13.8
2022-02-19T00:26:15Z,49.273024,-123.144213,13.8
2022-02-19T00:26:25Z,49.273029,-123.144201,13.8
2022-02-19T00:26:35Z,49.273034,-123.14419,13.7
2022-02-19T00:26:45Z,49.273039,-123.144179,13.7
2022-02-19T00:26:55Z,49.273044,-123.144167,13.7
2022-02-19T00:27:05Z,49.27305,-123.144156,13.6
2022-02-19T00:27:15Z,49.273055,-123.144145,13.6
2022-02-19T00:27:25Z,49.27306,-123.144133,13.5
2022-02-19T00:27:35Z,49.273065,-123.144122,13.4
2022-02-19T00:27:45Z,49.273069,-123.14411,13.3
2022-02-19T00:27:55Z,49.273074,-123.144099,13.2
2022-02-19T00:28:05Z,49.273079,-123.144087,13.1
2022-02-19T00:28:15Z,49.273084,-123.144075,13.1
2022-02-19T00:28:25Z,49.273089,-123.144064,13.0
2022-02-19T00:28:35Z,49.273093,-123.144052,12.9
2022-02-19T00:28:45Z,49.273098,-123.144041,12.8
2022-02-19T00:28:55Z,49.273103,-123.144029,12.7
2022-02-19T00:29:05Z,49.273108,-123.144017,12.6
2022-02-19T00:29:15Z,49.273113,-123.144006,12.5
2022-02-19T00:29:25Z,49.2731179,-123.143994,12.5
2022-02-19T00:29:35Z,49.273122,-123.143983,12.4
2022-02-19T00:29:45Z,49.273127,-123.143971,12.3
2022-02-19T00:29:55Z,49.2731319,-123.143959,12.2
2022-02-19T00:30:05Z,49.273137,-123.143948,12.1
2022-02-19T00:30:15Z,49.273142,-123.143936,12.0
2022-02-19T00:30:25Z,49.273147,-123.143925,12.0
2022-02-19T00:30:35Z,49.273151,-123.143913,11.9
2022-02-19T00:30:45Z,49.273156,-123.143901,11.8
2022-02-19T00:30:55Z,49.273161,-123.143889,11.7
2022-02-19T00:31:05Z,49.273165,-123.143878,11.6
2022-02-19T00:31:15Z,49.27317,-123.143866,11.5
2022-02-19T00:31:25Z,49.273174,-123.143854,11.5
2022-02-19T00:31:35Z,49.273179,-123.143842,11.4
2022-02-19T00:31:45Z,49.273183,-123.14383,11.3
2022-02-19T00:31:55Z,49.273188,-123.143818,11.2
2022-02-19T00:32:05Z,49.273192,-123.143806,11.1
2022-02-19T00:32:15Z,49.273197,-123.143795,11.0
2022-02-19T00:32:25Z,49.273202,-123.143783,10.9
2022-02-19T00:32:35Z,49.273205,-123.14377,10.9
2022-02-19T00:32:45Z,49.273209,-123.143758,10.8
2022-02-19T00:32:55Z,49.273213,-123.143745,10.7
2022-02-19T00:33:05Z,49.273217,-123.143733,10.6
2022-02-19T00:33:15Z,49.273221,-123.143721,10.5
2022-02-19T00:33:25Z,49.2732249,-123.143708,10.4
2022-02-19T00:33:35Z,49.273229,-123.143696,10.4
2022-02-19T00:33:45Z,49.273232,-123.143683,10.3
2022-02-19T00:33:55Z,49.273236,-123.143671,10.2
2022-02-19T00:34:05Z,49.27324,-123.143658,10.1
2022-02-19T00:34:15Z,49.273244,-123.143646,10.0
2022-02-19T00:34:25Z,49.273248,-123.143634,10.0
2022-02-19T00:34:35Z,49.273252,-123.143621,9.9
2022-02-19T00:34:45Z,49.273256,-123.143609,9.8
2022-02-19T00:34:55Z,49.273259,-123.143596,9.7
2022-02-19T00:35:05Z,49.273263,-123.143584,9.6
2022-02-19T00:35:15Z,49.273267,-123.143572,9.5
2022-02-19T00:35:25Z,49.273271,-123.143559,9.5
2022-02-19T00:35:35Z,49.273275,-123.143547,9.4
2022-02-19T00:35:45Z,49.273279,-123.143534,9.3
2022-02-19T00:35:55Z,49.273283,-123.143522,9.2
2022-02-19T00:36:05Z,49.273286,-123.143509,9.1
2022-02-19T00:36:15Z,49.27329,-123.143497,9.0
2022-02-19T00:36:25Z,49.273294,-123.143485,9.0
2022-02-19T00:36:35Z,49.2732979,-123.143472,8.9
2022-02-19T00:36:45Z,49.273302,-123.14346,8.8
2022-02-19T00:36:55Z,49.273306,-123.143447,8.7
2022-02-19T00:37:05Z,49.27331,-123.143435,8.6
2022-02-19T00:37:15Z,49.273313,-123.143423,8.6
2022-02-19T00:37:25Z,49.273317,-123.14341,8.5
2022-02-19T00:37:35Z,49.273321,-123.143398,8.4
2022-02-19T00:37:45Z,49.273325,-123.143385,8.3
2022-02-19T00:37:55Z,49.2733289,-123.143373,8.2
2022-02-19T00:38:05Z,49.273333,-123.14336,8.1
2022-02-19T00:38:15Z,49.273337,-123.143348,8.1
2022-02-19T00:38:25Z,49.27334,-123.143336,8.0
2022-02-19T00:38:35Z,49.273344,-123.143323,8.0
2022-02-19T00:38:45Z,49.273348,-123.143311,8.0
2022-02-19T00:38:55Z,49.273352,-123.143298,8.0
2022-02-19T00:39:05Z,49.273356,-123.143286,8.0
2022-02-19T00:39:15Z,49.2733599,-123.143273,8.0
2022-02-19T00:39:25Z,49.273364,-123.143261,8.0
2022-02-19T00:39:35Z,49.273367,-123.143249,8.0
2022-02-19T00:39:45Z,49.273371,-123.143236,8.0
2022-02-19T00:39:55Z,49.273375,-123.143224,8.0
2022-02-19T00:40:05Z,49.273379,-123.143211,8.0
2022-02-19T00:40:15Z,49.273383,-123.143199,8.0
2022-02-19T00:40:25Z,49.273387,-123.143187,8.1
2022-02-19T00:40:35Z,49.2733909,-123.143174,8.1
2022-02-19T00:40:45Z,49.273395,-123.143162,8.1
2022-02-19T00:40:55Z,49.273398,-123.143149,8.1
2022-02-19T00:41:05Z,49.273402,-123.143137,8.1
2022-02-19T00:41:15Z,49.273406,-123.143124,8.1
2022-02-19T00:41:25Z,49.27341,-123.143112,8.1
2022-02-19T00:41:35Z,49.273414,-123.1431,8.1
2022-02-19T00:41:45Z,49.273418,-123.143087,8.1
2022-02-19T00:41:55Z,49.2734219,-123.143075,8.1
2022-02-19T00:42:05Z,49.273425,-123.143062,8.1
2022-02-19T00:42:15Z,49.273429,-123.14305,8.1
2022-02-19T00:42:25Z,49.273433,-123.143038,8.1
2022-02-19T00:42:35Z,49.273437,-123.143025,8.1
2022-02-19T00:42:45Z,49.273441,-123.143013,8.2
2022-02-19T00:42:55Z,49.273445,-123.143,8.2
2022-02-19T00:43:05Z,49.273449,-123.142988,8.2
2022-02-19T00:43:15Z,49.273452,-123.142975,8.2
2022-02-19T00:43:25Z,49.273456,-123.142963,8.2
2022-02-19T00:43:35Z,49.27346,-123.142951,8.2
2022-02-19T00:43:45Z,49.273464,-123.142938,8.2
2022-02-19T00:43:55Z,49.273468,-123.142926,8.2
2022-02-19T00:44:05Z,49.273472,-123.142913,8.2
2022-02-19T00:44:15Z,49.273476,-123.142901,8.3
2022-02-19T00:44:25Z,49.273479,-123.142889,8.3
2022-02-19T00:44:35Z,49.273483,-123.142876,8.3
2022-02-19T00:44:45Z,49.273487,-123.142864,8.3
2022-02-19T00:44:55Z,49.273491,-123.142851,8.3
2022-02-19T00:45:05Z,49.2734949,-123.142839,8.3
2022-02-19T00:45:15Z,49.273499,-123.142826,8.4
2022-02-19T00:45:25Z,49.273503,-123.142814,8.4
2022-02-19T00:45:35Z,49.273506,-123.142802,8.4
2022-02-19T00:45:45Z,49.27351,-123.142789,8.4
2022-02-19T00:45:55Z,49.273515,-123.142777,8.4
2022-02-19T00:46:05Z,49.273519,-123.142765,8.4
2022-02-19T00:46:15Z,49.273523,-123.142753,8.5
2022-02-19T00:46:25Z,49.273527,-123.142741,8.5
2022-02-19T00:46:35Z,49.273532,-123.142729,8.5
2022-02-19T00:46:45Z,49.273536,-123.142717,8.5
2022-02-19T00:46:55Z,49.2735399,-123.142704,8.6
2022-02-19T00:47:05Z,49.273544,-123.142692,8.6
2022-02-19T00:47:15Z,49.273549,-123.14268,8.6
2022-02-19T00:47:25Z,49.273553,-123.142668,8.6
2022-02-19T00:47:35Z,49.2735569,-123.142656,8.6
2022-02-19T00:47:45Z,49.273561,-123.142644,8.7
2022-02-19T00:47:55Z,49.273566,-123.142632,8.7
2022-02-19T00:48:05Z,49.27357,-123.14262,8.7
2022-02-19T00:48:15Z,49.273574,-123.142608,8.8
2022-02-19T00:48:25Z,49.273579,-123.142596,8.8
2022-02-19T00:48:35Z,49.273583,-123.142583,8.8
2022-02-19T00:48:45Z,49.273587,-123.142571,8.8
2022-02-19T00:48:55Z,49.273591,-123.142559,8.9
2022-02-19T00:49:05Z,49.273596,-123.142547,8.9
2022-02-19T00:49:15Z,49.2736,-123.142535,8.9
2022-02-19T00:49:25Z,49.273604,-123.142523,9.0
2022-02-19T00:49:35Z,49.273609,-123.142511,9.0
2022-02-19T00:49:45Z,49.273613,-123.142499,9.0
2022-02-19T00:49:55Z,49.273617,-123.142487,9.1
2022-02-19T00:50:05Z,49.273621,-123.142475,9.2
2022-02-19T00:50:15Z,49.273626,-123.142463,9.3
2022-02-19T00:50:25Z,49.27363,-123.142451,9.4
2022-02-19T00:50:35Z,49.273634,-123.142439,9.5
2022-02-19T00:50:45Z,49.273639,-123.142426,9.6
2022-02-19T00:50:55Z,49.273642,-123.142414,9.7
2022-02-19T00:51:05Z,49.273646,-123.142401,9.7
2022-02-19T00:51:15Z,49.27365,-123.142389,9.8
2022-02-19T00:51:25Z,49.273654,-123.142377,9.9
2022-02-19T00:51:35Z,49.273658,-123.142364,10.0
2022-02-19T00:51:45Z,49.273661,-123.142352,10.1
2022-02-19T00:51:55Z,49.273665,-123.142339,10.2
2022-02-19T00:52:05Z,49.273669,-123.142327,10.2
2022-02-19T00:52:15Z,49.273673,-123.142314,10.3
2022-02-19T00:52:25Z,49.273677,-123.142302,10.4
2022-02-19T00:52:35Z,49.27368,-123.142289,10.5
2022-02-19T00:52:45Z,49.273684,-123.142277,10.6
2022-02-19T00:52:55Z,49.273688,-123.142264,10.7
2022-02-19T00:53:05Z,49.2736919,-123.142252,10.7
2022-02-19T00:53:15Z,49.2736949,-123.142239,10.8
2022-02-19T00:53:25Z,49.273699,-123.142227,10.9
2022-02-19T00:53:35Z,49.273703,-123.142214,11.0
2022-02-19T00:53:45Z,49.273706,-123.142202,11.0
2022-02-19T00:53:55Z,49.27371,-123.142189,11.1
2022-02-19T00:54:05Z,49.273714,-123.142177,11.2
2022-02-19T00:54:15Z,49.273718,-123.142164,11.3
2022-02-19T00:54:25Z,49.273721,-123.142152,11.3
2022-02-19T00:54:35Z,49.273725,-123.142139,11.4
2022-02-19T00:54:45Z,49.273729,-123.142127,11.5
2022-02-19T00:54:55Z,49.273732,-123.142114,11.5
2022-02-19T00:55:05Z,49.273736,-123.142102,11.6
2022-02-19T00:55:15Z,49.2737399,-123.142089,11.7
2022-02-19T00:55:25Z,49.273744,-123.142077,11.8
2022-02-19T00:55:35Z,49.273747,-123.142064,11.8
2022-02-19T00:55:45Z,49.273751,-123.142052,11.9
2022-02-19T00:55:55Z,49.273755,-123.142039,12.0
2022-02-19T00:56:05Z,49.273759,-123.142027,12.0
2022-02-19T00:56:15Z,49.273762,-123.142014,12.1
2022-02-19T00:56:25Z,49.273766,-123.142002,12.2
2022-02-19T00:56:35Z,49.27377,-123.141989,12.2
2022-02-19T00:56:45Z,49.273774,-123.141977,12.3
2022-02-19T00:56:55Z,49.273777,-123.141964,12.3
2022-02-19T00:57:05Z,49.273781,-123.141952,12.4
2022-02-19T00:57:15Z,49.2737849,-123.141939,12.5
2022-02-19T00:57:25Z,49.273789,-123.141927,12.5
2022-02-19T00:57:35Z,49.273793,-123.141914,12.6
2022-02-19T00:57:45Z,49.273797,-123.141902,12.6
2022-02-19T00:57:55Z,49.273801,-123.14189,12.7
2022-02-19T00:58:05Z,49.273805,-123.141877,12.8
2022-02-19T00:58:15Z,49.273809,-123.141865,12.8
2022-02-19T00:58:25Z,49.2738129,-123.141853,12.9
2022-02-19T00:58:35Z,49.273817,-123.14184,12.9
2022-02-19T00:58:45Z,49.273821,-123.141828,13.0
2022-02-19T00:58:55Z,49.273825,-123.141816,13.0
2022-02-19T00:59:05Z,49.273829,-123.141803,13.1
2022-02-19T00:59:15Z,49.273833,-123.141791,13.2
2022-02-19T00:59:25Z,49.273837,-123.141779,13.2
2022-02-19T00:59:35Z,49.273841,-123.141766,13.3
2022-02-19T00:59:45Z,49.273845,-123.141754,13.3
2022-02-19T00:59:55Z,49.273849,-123.141742,13.4
2022-02-19T01:00:05Z,49.273853,-123.141729,13.4
2022-02-19T01:00:15Z,49.273857,-123.141717,13.5
2022-02-19T01:00:25Z,49.27386,-123.141705,13.5
2022-02-19T01:00:35Z,49.273864,-123.141693,13.5
2022-02-19T01:00:45Z,49.273868,-123.14168,13.6
2022-02-19T01:00:55Z,49.273872,-123.141668,13.6
2022-02-19T01:01:05Z,49.273876,-123.141656,13.6
2022-02-19T01:01:15Z,49.27388,-123.141643,13.6
2022-02-19T01:01:25Z,49.273884,-123.141631,13.6
2022-02-19T01:01:35Z,49.273888,-123.141619,13.6
2022-02-19T01:01:45Z,49.2738919,-123.141606,13.5
2022-02-19T01:01:55Z,49.273896,-123.141594,13.5
2022-02-19T01:02:05Z,49.2739,-123.141582,13.5
2022-02-19T01:02:15Z,49.273904,-123.141569,13.4
2022-02-19T01:02:25Z,49.273908,-123.141557,13.4
2022-02-19T01:02:35Z,49.273912,-123.141545,13.4
2022-02-19T01:02:45Z,49.273916,-123.141532,13.4
2022-02-19T01:02:55Z,49.2739199,-123.14152,13.3
2022-02-19T01:03:05Z,49.273924,-123.141508,13.3
2022-02-19T01:03:15Z,49.273928,-123.141495,13.3
2022-02-19T01:03:25Z,49.273932,-123.141483,13.2
2022-02-19T01:03:35Z,49.273936,-123.141471,13.2
2022-02-19T01:03:45Z,49.27394,-123.141458,13.2
2022-02-19T01:03:55Z,49.273944,-123.141446,13.2
2022-02-19T01:04:05Z,49.273948,-123.141434,13.1
2022-02-19T01:04:15Z,49.273952,-123.141421,13.1
2022-02-19T01:04:25Z,49.273956,-123.141409,13.1
2022-02-19T01:04:35Z,49.27396,-123.141397,13.0
2022-02-19T01:04:45Z,49.273964,-123.141384,13.0
2022-02-19T01:04:55Z,49.273968,-123.141372,13.0
2022-02-19T01:05:05Z,49.273972,-123.14136,12.9
2022-02-19T01:05:15Z,49.273976,-123.141347,12.9
2022-02-19T01:05:25Z,49.27398,-123.141335,12.8
2022-02-19T01:05:35Z,49.273984,-123.141323,12.8
2022-02-19T01:05:45Z,49.273988,-123.14131,12.8
2022-02-19T01:05:55Z,49.273992,-123.141298,12.7
2022-02-19T01:06:05Z,49.2739959,-123.141286,12.7
2022-02-19T01:06:15Z,49.274,-123.141274,12.7
2022-02-19T01:06:25Z,49.274004,-123.141261,12.6
2022-02-19T01:06:35Z,49.274008,-123.141249,12.6
2022-02-19T01:06:45Z,49.274012,-123.141237,12.6
2022-02-19T01:06:55Z,49.274016,-123.141224,12.5
2022-02-19T01:07:05Z,49.27402,-123.141212,12.5
2022-02-19T01:07:15Z,49.274024,-123.1412,12.4
2022-02-19T01:07:25Z,49.274028,-123.141187,12.4
2022-02-19T01:07:35Z,49.274032,-123.141175,12.4
2022-02-19T01:07:45Z,49.274036,-123.141163,12.3
2022-02-19T01:07:55Z,49.27404,-123.14115,12.3
2022-02-19T01:08:05Z,49.274044,-123.141138,12.2
2022-02-19T01:08:15Z,49.274048,-123.141126,12.2
2022-02-19T01:08:25Z,49.274052,-123.141113,12.1
2022-02-19T01:08:35Z,49.274056,-123.141101,12.1
2022-02-19T01:08:45Z,49.27406,-123.141089,12.1
2022-02-19T01:08:55Z,49.274064,-123.141076,12.0
2022-02-19T01:09:05Z,49.274068,-123.141064,12.0
2022-02-19T01:09:15Z,49.2740719,-123.141052,11.9
2022-02-19T01:09:25Z,49.274076,-123.141039,11.9
2022-02-19T01:09:35Z,49.27408,-123.141027,11.8
2022-02-19T01:09:45Z,49.274084,-123.141015,11.8
2022-02-19T01:09:55Z,49.274088,-123.141002,11.7
2022-02-19T01:10:05Z,49.274092,-123.14099,11.7
2022-02-19T01:10:15Z,49.274096,-123.140978,11.6
2022-02-19T01:10:25Z,49.2741,-123.140965,11.6
2022-02-19T01:10:35Z,49.274104,-123.140953,11.5
2022-02-19T01:10:45Z,49.274108,-123.140941,11.5
2022-02-19T01:10:55Z,49.274112,-123.140928,11.4
2022-02-19T01:11:05Z,49.274116,-123.140916,11.4
2022-02-19T01:11:15Z,49.27412,-123.140904,11.4
2022-02-19T01:11:25Z,49.274124,-123.140891,11.3
2022-02-19T01:11:35Z,49.274128,-123.140879,11.2
2022-02-19T01:11:45Z,49.274132,-123.140867,11.2
2022-02-19T01:11:55Z,49.274136,-123.140855,11.1
2022-02-19T01:12:05Z,49.27414,-123.140842,11.1
2022-02-19T01:12:15Z,49.274144,-123.14083,11.0
2022-02-19T01:12:25Z,49.2741479,-123.140818,11.0
2022-02-19T01:12:35Z,49.274152,-123.140805,10.9
2022-02-19T01:12:45Z,49.274156,-123.140793,10.8
2022-02-19T01:12:55Z,49.27416,-123.140781,10.7
2022-02-19T01:13:05Z,49.274163,-123.140768,10.6
2022-02-19T01:13:15Z,49.274167,-123.140756,10.5
2022-02-19T01:13:25Z,49.274171,-123.140744,10.4
2022-02-19T01:13:35Z,49.274175,-123.140731,10.3
2022-02-19T01:13:45Z,49.2741789,-123.140719,10.3
2022-02-19T01:13:55Z,49.274183,-123.140707,10.2
2022-02-19T01:14:05Z,49.274187,-123.140694,10.1
2022-02-19T01:14:15Z,49.274191,-123.140682,10.0
2022-02-19T01:14:25Z,49.274195,-123.14067,9.9
2022-02-19T01:14:35Z,49.274199,-123.140657,9.8
2022-02-19T01:14:45Z,49.274203,-123.140645,9.7
2022-02-19T01:14:55Z,49.2742069,-123.140633,9.6
2022-02-19T01:15:05Z,49.274211,-123.14062,9.5
2022-02-19T01:15:15Z,49.274215,-123.140608,9.5
2022-02-19T01:15:25Z,49.274219,-123.140596,9.4
2022-02-19T01:15:35Z,49.274223,-123.140583,9.3
2022-02-19T01:15:45Z,49.274227,-123.140571,9.2
2022-02-19T01:15:55Z,49.274231,-123.140559,9.1
2022-02-19T01:16:05Z,49.274235,-123.140546,9.0
2022-02-19T01:16:15Z,49.274239,-123.140534,8.9
2022-02-19T01:16:25Z,49.274243,-123.140522,8.9
2022-02-19T01:16:35Z,49.274247,-123.140509,8.8
2022-02-19T01:16:45Z,49.274251,-123.140497,8.7
2022-02-19T01:16:55Z,49.2742549,-123.140485,8.6
2022-02-19T01:17:05Z,49.274259,-123.140472,8.5
2022-02-19T01:17:15Z,49.274263,-123.14046,8.5
2022-02-19T01:17:25Z,49.274267,-123.140448,8.4
2022-02-19T01:17:35Z,49.274271,-123.140436,8.3
2022-02-19T01:17:45Z,49.274275,-123.140423,8.2
2022-02-19T01:17:55Z,49.274279,-123.140411,8.1
2022-02-19T01:18:05Z,49.2742829,-123.140399,8.1
2022-02-19T01:18:15Z,49.274287,-123.140386,8.0
2022-02-19T01:18:25Z,49.274291,-123.140374,7.9
2022-02-19T01:18:35Z,49.274295,-123.140362,7.8
2022-02-19T01:18:45Z,49.274299,-123.140349,7.7
2022-02-19T01:18:55Z,49.274303,-123.140337,7.7
2022-02-19T01:19:05Z,49.274307,-123.140325,7.6
2022-02-19T01:19:15Z,49.274311,-123.140312,7.5
2022-02-19T01:19:25Z,49.274315,-123.1403,7.4
2022-02-19T01:19:35Z,49.274319,-123.140288,7.4
2022-02-19T01:19:45Z,49.274323,-123.140275,7.3
2022-02-19T01:19:55Z,49.274327,-123.140263,7.2
2022-02-19T01:20:05Z,49.2743309,-123.140251,7.1
2022-02-19T01:20:15Z,49.274335,-123.140238,7.1
2022-02-19T01:20:25Z,49.274339,-123.140226,7.0
2022-02-19T01:20:35Z,49.274343,-123.140214,6.9
2022-02-19T01:20:45Z,49.274347,-123.140201,6.8
2022-02-19T01:20:55Z,49.274351,-123.140189,6.8
2022-02-19T01:21:05Z,49.274355,-123.140177,6.7
2022-02-19T01:21:15Z,49.2743589,-123.140164,6.6
2022-02-19T01:21:25Z,49.274363,-123.140152,6.5
2022-02-19T01:21:35Z,49.274367,-123.14014,6.5
2022-02-19T01:21:45Z,49.274371,-123.140127,6.4
2022-02-19T01:21:55Z,49.274375,-123.140115,6.3
2022-02-19T01:22:05Z,49.274379,-123.140103,6.3
2022-02-19T01:22:15Z,49.274383,-123.14009,6.2
2022-02-19T01:22:25Z,49.274387,-123.140078,6.1
2022-02-19T01:22:35Z,49.274391,-123.140066,6.1
2022-02-19T01:22:45Z,49.274395,-123.140053,6.0
2022-02-19T01:22:55Z,49.274399,-123.140041,5.9
2022-02-19T01:23:05Z,49.274403,-123.140029,5.9
2022-02-19T01:23:15Z,49.2744069,-123.140017,5.8
2022-02-19T01:23:25Z,49.274411,-123.140004,5.7
2022-02-19T01:23:35Z,49.274415,-123.139992,5.6
2022-02-19T01:23:45Z,49.274419,-123.13998,5.6
2022-02-19T01:23:55Z,49.274423,-123.139967,5.5
2022-02-19T01:24:05Z,49.274427,-123.139955,5.4
2022-02-19T01:24:15Z,49.274431,-123.139943,5.3
2022-02-19T01:24:25Z,49.2744349,-123.13993,5.2
2022-02-19T01:24:35Z,49.274439,-123.139918,5.1
2022-02-19T01:24:45Z,49.274443,-123.139906,5.0
2022-02-19T01:24:55Z,49.274447,-123.139893,4.9
2022-02-19T01:25:05Z,49.274451,-123.139881,4.9
2022-02-19T01:25:15Z,49.274455,-123.139869,4.8
2022-02-19T01:25:25Z,49.274459,-123.139856,4.7
2022-02-19T01:25:35Z,49.274462,-123.139844,4.6
2022-02-19T01:25:45Z,49.2744659,-123.139832,4.5
2022-02-19T01:25:55Z,49.27447,-123.139819,4.4
2022-02-19T01:26:05Z,49.274474,-123.139807,4.3
2022-02-19T01:26:15Z,49.274478,-123.139795,4.2
2022-02-19T01:26:25Z,49.274482,-123.139782,4.2
2022-02-19T01:26:35Z,49.274486,-123.13977,4.1
2022-02-19T01:26:45Z,49.27449,-123.139758,4.0
2022-02-19T01:26:55Z,49.274494,-123.139745,3.9
2022-02-19T01:27:05Z,49.274498,-123.139733,3.8
2022-02-19T01:27:15Z,49.274502,-123.139721,3.7
2022-02-19T01:27:25Z,49.274506,-123.139708,3.6
2022-02-19T01:27:35Z,49.27451,-123.139696,3.5
2022-02-19T01:27:45Z,49.274514,-123.139684,3.5
2022-02-19T01:27:55Z,49.274518,-123.139671,3.4
2022-02-19T01:28:05Z,49.274522,-123.139659,3.3
2022-02-19T01:28:15Z,49.274526,-123.139647,3.2
2022-02-19T01:28:25Z,49.27453,-123.139634,3.1
2022-02-19T01:28:35Z,49.274534,-123.139622,3.0
2022-02-19T01:28:45Z,49.274538,-123.13961,3.0
2022-02-19T01:28:55Z,49.2745419,-123.139597,2.9
2022-02-19T01:29:05Z,49.274546,-123.139585,2.8
2022-02-19T01:29:15Z,49.27455,-123.139573,2.7
2022-02-19T01:29:25Z,49.274554,-123.13956,2.6
2022-02-19T01:29:35Z,49.274558,-123.139548,2.5
2022-02-19T01:29:45Z,49.274562,-123.139536,2.4
2022-02-19T01:29:55Z,49.274566,-123.139523,2.4
2022-02-19T01:30:05Z,49.27457,-123.139511,2.3
2022-02-19T01:30:15Z,49.274574,-123.139498,2.2
2022-02-19T01:30:25Z,49.274577,-123.139486,2.1
2022-02-19T01:30:35Z,49.274581,-123.139474,2.0
2022-02-19T01:30:45Z,49.274585,-123.139461,1.9
2022-02-19T01:30:55Z,49.274589,-123.139449,1.9
2022-02-19T01:31:05Z,49.274593,-123.139437,1.8
2022-02-19T01:31:15Z,49.274597,-123.139424,1.7
2022-02-19T01:31:25Z,49.2746009,-123.139412,1.6
2022-02-19T01:31:35Z,49.274605,-123.1394,1.5
2022-02-19T01:31:45Z,49.274609,-123.139387,1.4
2022-02-19T01:31:55Z,49.274613,-123.139375,1.4
2022-02-19T01:32:05Z,49.274617,-123.139363,1.3
2022-02-19T01:32:15Z,49.274621,-123.13935,1.2
2022-02-19T01:32:25Z,49.274625,-123.139338,1.1
2022-02-19T01:32:35Z,49.274629,-123.139326,1.0
2022-02-19T01:32:45Z,49.274633,-123.139313,1.0
2022-02-19T01:32:55Z,49.274637,-123.139301,0.9
2022-02-19T01:33:05Z,49.274641,-123.139289,0.8
2022-02-19T01:33:15Z,49.274645,-123.139276,0.7
2022-02-19T01:33:25Z,49.2746489,-123.139264,0.6
2022-02-19T01:33:35Z,49.274653,-123.139251,0.5
2022-02-19T01:33:45Z,49.274657,-123.139239,0.5
2022-02-19T01:33:55Z,49.27466,-123.139227,0.4
2022-02-19T01:34:05Z,49.274664,-123.139214,0.3
2022-02-19T01:34:15Z,49.274668,-123.139202,0.2
2022-02-19T01:34:25Z,49.274672,-123.13919,0.2
2022-02-19T01:34:35Z,49.274676,-123.139177,0.1
2022-02-19T01:34:45Z,49.2746799,-123.139165,7.3
2022-02-19T01:34:55Z,49.274684,-123.139153,7.4
2022-02-19T01:35:05Z,49.274688,-123.13914,7.4
2022-02-19T01:35:15Z,49.274692,-123.139128,7.4
2022-02-19T01:35:25Z,49.274696,-123.139116,7.4
2022-02-19T01:35:35Z,49.2747,-123.139103,7.4
2022-02-19T01:35:45Z,49.274704,-123.139091,7.4
2022-02-19T01:35:55Z,49.2747079,-123.139079,7.4
2022-02-19T01:36:05Z,49.274712,-123.139066,7.5
2022-02-19T01:36:15Z,49.274716,-123.139054,7.5
2022-02-19T01:36:25Z,49.27472,-123.139042,7.5
2022-02-19T01:36:35Z,49.274724,-123.139029,7.5
2022-02-19T01:36:45Z,49.274728,-123.139017,7.5
2022-02-19T01:36:55Z,49.274732,-123.139005,7.5
2022-02-19T01:37:05Z,49.274736,-123.138992,7.5
2022-02-19T01:37:15Z,49.27474,-123.13898,7.6
2022-02-19T01:37:25Z,49.274744,-123.138967,7.6
2022-02-19T01:37:35Z,49.274747,-123.138955,7.6
2022-02-19T01:37:45Z,49.274751,-123.138943,7.6
2022-02-19T01:37:55Z,49.274755,-123.13893,7.6
2022-02-19T01:38:05Z,49.274759,-123.138918,7.6
2022-02-19T01:38:15Z,49.274763,-123.138906,7.6
2022-02-19T01:38:25Z,49.274767,-123.138893,7.7
2022-02-19T01:38:35Z,49.274771,-123.138881,7.7
2022-02-19T01:38:45Z,49.274775,-123.138869,7.7
2022-02-19T01:38:55Z,49.274779,-123.138856,7.7
2022-02-19T01:39:05Z,49.274783,-123.138844,7.7
2022-02-19T01:39:15Z,49.274787,-123.138832,7.7
2022-02-19T01:39:25Z,49.274791,-123.138819,7.7
2022-02-19T01:39:35Z,49.274795,-123.138807,7.8
2022-02-19T01:39:45Z,49.274799,-123.138795,7.8
2022-02-19T01:39:55Z,49.274803,-123.138782,7.8
2022-02-19T01:40:05Z,49.274807,-123.13877,7.8
2022-02-19T01:40:15Z,49.274811,-123.138758,7.8
2022-02-19T01:40:25Z,49.2748149,-123.138745,7.8
2022-02-19T01:40:35Z,49.274819,-123.138733,7.8
2022-02-19T01:40:45Z,49.274823,-123.138721,7.8
2022-02-19T01:40:55Z,49.274827,-123.138708,7.7
2022-02-19T01:41:05Z,49.274831,-123.138696,7.7
2022-02-19T01:41:15Z,49.274834,-123.138683,7.7
2022-02-19T01:41:25Z,49.274838,-123.138671,7.6
2022-02-19T01:41:35Z,49.274842,-123.138659,7.6
2022-02-19T01:41:45Z,49.2748459,-123.138646,7.6
2022-02-19T01:41:55Z,49.27485,-123.138634,7.5
2022-02-19T01:42:05Z,49.274854,-123.138622,7.5
2022-02-19T01:42:15Z,49.274858,-123.138609,7.5
2022-02-19T01:42:25Z,49.274862,-123.138597,7.5
2022-02-19T01:42:35Z,49.274866,-123.138585,7.4
2022-02-19T01:42:45Z,49.27487,-123.138572,7.4
2022-02-19T01:42:55Z,49.2748739,-123.13856,7.3
2022-02-19T01:43:05Z,49.274878,-123.138548,7.3
2022-02-19T01:43:15Z,49.274882,-123.138535,7.3
2022-02-19T01:43:25Z,49.274886,-123.138523,7.3
2022-02-19T01:43:35Z,49.27489,-123.138511,7.2
2022-02-19T01:43:45Z,49.274894,-123.138498,7.2
2022-02-19T01:43:55Z,49.274898,-123.138486,7.2
2022-02-19T01:44:05Z,49.274902,-123.138474,7.2
2022-02-19T01:44:15Z,49.274906,-123.138461,7.2
2022-02-19T01:44:25Z,49.27491,-123.138449,7.2
2022-02-19T01:44:35Z,49.274914,-123.138437,7.2
2022-02-19T01:44:45Z,49.274918,-123.138424,7.2
2022-02-19T01:44:55Z,49.274921,-123.138412,7.2
2022-02-19T01:45:05Z,49.274925,-123.138399,7.2
2022-02-19T01:45:15Z,49.274929,-123.138387,7.2
2022-02-19T01:45:25Z,49.274933,-123.138375,7.2
2022-02-19T01:45:35Z,49.274937,-123.138362,7.2
2022-02-19T01:45:45Z,49.274941,-123.13835,7.2
2022-02-19T01:45:55Z,49.274945,-123.138338,7.2
2022-02-19T01:46:05Z,49.274949,-123.138325,7.1
2022-02-19T01:46:15Z,49.2749529,-123.138313,7.1
2022-02-19T01:46:25Z,49.274957,-123.138301,7.1
2022-02-19T01:46:35Z,49.274961,-123.138288,7.1
2022-02-19T01:46:45Z,49.274965,-123.138276,7.1
2022-02-19T01:46:55Z,49.274969,-123.138264,7.1
2022-02-19T01:47:05Z,49.274973,-123.138251,7.1
2022-02-19T01:47:15Z,49.274977,-123.138239,7.1
2022-02-19T01:47:25Z,49.2749809,-123.138227,7.1
2022-02-19T01:47:35Z,49.274985,-123.138214,7.0
2022-02-19T01:47:45Z,49.274989,-123.138202,7.0
2022-02-19T01:47:55Z,49.274993,-123.13819,7.0
2022-02-19T01:48:05Z,49.274997,-123.138177,7.0
2022-02-19T01:48:15Z,49.275001,-123.138165,6.9
2022-02-19T01:48:25Z,49.275005,-123.138153,6.9
2022-02-19T01:48:35Z,49.275008,-123.13814,6.9
2022-02-19T01:48:45Z,49.2750119,-123.138128,6.9
2022-02-19T01:48:55Z,49.275016,-123.138115,6.9
2022-02-19T01:49:05Z,49.27502,-123.138103,6.9
2022-02-19T01:49:15Z,49.275024,-123.138091,6.8
2022-02-19T01:49:25Z,49.275028,-123.138078,6.8
2022-02-19T01:49:35Z,49.275032,-123.138066,6.8
2022-02-19T01:49:45Z,49.275036,-123.138054,6.8
2022-02-19T01:49:55Z,49.27504,-123.138041,6.8
2022-02-19T01:50:05Z,49.275044,-123.138029,6.8
2022-02-19T01:50:15Z,49.275048,-123.138017,6.8
2022-02-19T01:50:25Z,49.275052,-123.138004,6.8
2022-02-19T01:50:35Z,49.275056,-123.137992,6.8
2022-02-19T01:50:45Z,49.27506,-123.13798,6.8
2022-02-19T01:50:55Z,49.275064,-123.137967,6.8
2022-02-19T01:51:05Z,49.275068,-123.137955,6.8
2022-02-19T01:51:15Z,49.275072,-123.137943,6.8
2022-02-19T01:51:25Z,49.275076,-123.13793,6.8
2022-02-19T01:51:35Z,49.27508,-123.137918,6.8
2022-02-19T01:51:45Z,49.275084,-123.137906,6.8
2022-02-19T01:51:55Z,49.2750879,-123.137893,6.7
2022-02-19T01:52:05Z,49.275091,-123.137881,6.7
2022-02-19T01:52:15Z,49.275095,-123.137868,6.7
2022-02-19T01:52:25Z,49.275099,-123.137856,6.7
2022-02-19T01:52:35Z,49.275103,-123.137844,6.6
2022-02-19T01:52:45Z,49.275107,-123.137831,6.6
2022-02-19T01:52:55Z,49.275111,-123.137819,6.6
2022-02-19T01:53:05Z,49.275115,-123.137807,6.6
2022-02-19T01:53:15Z,49.2751189,-123.137794,6.5
2022-02-19T01:53:25Z,49.275123,-123.137782,6.5
2022-02-19T01:53:35Z,49.275127,-123.13777,6.5
2022-02-19T01:53:45Z,49.275131,-123.137757,6.4
2022-02-19T01:53:55Z,49.275135,-123.137745,6.4
2022-02-19T01:54:05Z,49.275139,-123.137733,6.3
2022-02-19T01:54:15Z,49.275143,-123.13772,6.3
2022-02-19T01:54:25Z,49.2751469,-123.137708,6.2
2022-02-19T01:54:35Z,49.275151,-123.137696,6.2
2022-02-19T01:54:45Z,49.275155,-123.137683,6.2
2022-02-19T01:54:55Z,49.275159,-123.137671,6.1
2022-02-19T01:55:05Z,49.275163,-123.137659,6.1
2022-02-19T01:55:15Z,49.275167,-123.137646,6.0
2022-02-19T01:55:25Z,49.275171,-123.137634,6.0
2022-02-19T01:55:35Z,49.275175,-123.137622,5.9
2022-02-19T01:55:45Z,49.2751779,-123.137609,5.9
2022-02-19T01:55:55Z,49.275182,-123.137597,5.9
2022-02-19T01:56:05Z,49.275186,-123.137584,5.8
2022-02-19T01:56:15Z,49.27519,-123.137572,5.8
2022-02-19T01:56:25Z,49.275194,-123.13756,5.8
2022-02-19T01:56:35Z,49.275198,-123.137547,5.7
2022-02-19T01:56:45Z,49.275202,-123.137535,5.7
2022-02-19T01:56:55Z,49.275206,-123.137523,5.7
2022-02-19T01:57:05Z,49.27521,-123.13751,5.7
2022-02-19T01:57:15Z,49.275214,-123.137498,5.6
2022-02-19T01:57:25Z,49.275218,-123.137486,5.6
2022-02-19T01:57:35Z,49.275222,-123.137473,5.6
2022-02-19T01:57:45Z,49.275226,-123.137461,5.6
2022-02-19T01:57:55Z,49.27523,-123.137449,5.5
2022-02-19T01:58:05Z,49.275234,-123.137436,5.5
2022-02-19T01:58:15Z,49.275238,-123.137424,5.5
2022-02-19T01:58:25Z,49.275242,-123.137412,5.5
2022-02-19T01:58:35Z,49.275246,-123.137399,5.5
2022-02-19T01:58:45Z,49.27525,-123.137387,5.5
2022-02-19T01:58:55Z,49.2752539,-123.137375,5.4
2022-02-19T01:59:05Z,49.275258,-123.137362,5.4
2022-02-19T01:59:15Z,49.275262,-123.13735,5.4
2022-02-19T01:59:25Z,49.275265,-123.137338,5.4
2022-02-19T01:59:35Z,49.275269,-123.137325,5.4
2022-02-19T01:59:45Z,49.275273,-123.137313,5.4
2022-02-19T01:59:55Z,49.275277,-123.1373,5.4
2022-02-19T02:00:05Z,49.275281,-123.137288,5.4
2022-02-19T02:00:15Z,49.2752849,-123.137276,5.4
2022-02-19T02:00:25Z,49.275289,-123.137263,5.3
2022-02-19T02:00:35Z,49.275293,-123.137251,5.3
2022-02-19T02:00:45Z,49.275297,-123.137239,5.3
2022-02-19T02:00:55Z,49.275301,-123.137226,5.3
2022-02-19T02:01:05Z,49.275305,-123.137214,5.3
2022-02-19T02:01:15Z,49.275309,-123.137202,5.3
2022-02-19T02:01:25Z,49.275313,-123.137189,5.2
2022-02-19T02:01:35Z,49.275317,-123.137177,5.2
2022-02-19T02:01:45Z,49.275321,-123.137165,5.2
2022-02-19T02:01:55Z,49.275325,-123.137152,5.2
2022-02-19T02:02:05Z,49.275329,-123.13714,5.1
2022-02-19T02:02:15Z,49.275333,-123.137128,5.1
2022-02-19T02:02:25Z,49.275337,-123.137115,5.1
2022-02-19T02:02:35Z,49.275341,-123.137103,5.1
2022-02-19T02:02:45Z,49.275345,-123.137091,5.0
2022-02-19T02:02:55Z,49.275349,-123.137078,5.0
2022-02-19T02:03:05Z,49.275352,-123.137066,5.0
2022-02-19T02:03:15Z,49.275356,-123.137053,5.0
2022-02-19T02:03:25Z,49.27536,-123.137041,5.0
2022-02-19T02:03:35Z,49.275364,-123.137029,5.0
2022-02-19T02:03:45Z,49.275368,-123.137016,5.0
2022-02-19T02:03:55Z,49.275372,-123.137004,5.0
2022-02-19T02:04:05Z,49.275376,-123.136992,5.0
2022-02-19T02:04:15Z,49.27538,-123.136979,5.0
2022-02-19T02:04:25Z,49.275384,-123.136967,5.0
2022-02-19T02:04:35Z,49.275388,-123.136955,5.0
2022-02-19T02:04:45Z,49.2753919,-123.136942,5.0
2022-02-19T02:04:55Z,49.275396,-123.13693,5.0
2022-02-19T02:05:05Z,49.2754,-123.136918,5.0
2022-02-19T02:05:15Z,49.275404,-123.136905,5.0
2022-02-19T02:05:25Z,49.275408,-123.136893,5.0
2022-02-19T02:05:35Z,49.275412,-123.136881,5.0
2022-02-19T02:05:45Z,49.275416,-123.136868,5.0
2022-02-19T02:05:55Z,49.2754199,-123.136856,5.0
2022-02-19T02:06:05Z,49.275424,-123.136844,5.0
2022-02-19T02:06:15Z,49.275428,-123.136831,5.0
2022-02-19T02:06:25Z,49.275432,-123.136819,5.0
2022-02-19T02:06:35Z,49.275435,-123.136807,5.0
2022-02-19T02:06:45Z,49.275439,-123.136794,5.0
2022-02-19T02:06:55Z,49.275443,-123.136782,5.0
2022-02-19T02:07:05Z,49.275447,-123.136769,5.0
2022-02-19T02:07:15Z,49.2754509,-123.136757,5.0
2022-02-19T02:07:25Z,49.275455,-123.136745,5.0
2022-02-19T02:07:35Z,49.275459,-123.136732,5.0
2022-02-19T02:07:45Z,49.275463,-123.13672,5.0
2022-02-19T02:07:55Z,49.275467,-123.136708,5.0
2022-02-19T02:08:05Z,49.275471,-123.136695,5.0
2022-02-19T02:08:15Z,49.275475,-123.136683,5.0
2022-02-19T02:08:25Z,49.275479,-123.136671,5.0
2022-02-19T02:08:35Z,49.275483,-123.136658,5.0
2022-02-19T02:08:45Z,49.275487,-123.136646,5.0
2022-02-19T02:08:55Z,49.275491,-123.136634,5.0
2022-02-19T02:09:05Z,49.275495,-123.136621,5.0
2022-02-19T02:09:15Z,49.275499,-123.136609,5.0
2022-02-19T02:09:25Z,49.275503,-123.136597,5.0
2022-02-19T02:09:35Z,49.275507,-123.136585,5.0
2022-02-19T02:09:45Z,49.275511,-123.136572,5.0
2022-02-19T02:09:55Z,49.275515,-123.13656,5.0
2022-02-19T02:10:05Z,49.275519,-123.136548,5.0
2022-02-19T02:10:15Z,49.275523,-123.136535,5.0
2022-02-19T02:10:25Z,49.2755269,-123.136523,5.0
2022-02-19T02:10:35Z,49.275531,-123.136511,5.0
2022-02-19T02:10:45Z,49.275535,-123.136498,5.0
2022-02-19T02:10:55Z,49.275539,-123.136486,5.1
2022-02-19T02:11:05Z,49.275543,-123.136474,5.1
2022-02-19T02:11:15Z,49.275547,-123.136461,5.1
2022-02-19T02:11:25Z,49.275551,-123.136449,5.1
2022-02-19T02:11:35Z,49.275555,-123.136437,5.2
2022-02-19T02:11:45Z,49.275559,-123.136424,5.2
2022-02-19T02:11:55Z,49.275563,-123.136412,5.2
2022-02-19T02:12:05Z,49.275567,-123.1364,5.2
2022-02-19T02:12:15Z,49.275571,-123.136388,5.3
2022-02-19T02:12:25Z,49.275575,-123.136375,5.3
2022-02-19T02:12:35Z,49.275579,-123.136363,5.3
2022-02-19T02:12:45Z,49.275583,-123.136351,5.4
2022-02-19T02:12:55Z,49.275587,-123.136338,5.4
2022-02-19T02:13:05Z,49.275591,-123.136326,5.5
2022-02-19T02:13:15Z,49.275595,-123.136314,5.5
2022-02-19T02:13:25Z,49.275599,-123.136301,5.5
2022-02-19T02:13:35Z,49.2756029,-123.136289,5.6
2022-02-19T02:13:45Z,49.275607,-123.136277,5.6
2022-02-19T02:13:55Z,49.275611,-123.136264,5.7
2022-02-19T02:14:05Z,49.275615,-123.136252,5.7
2022-02-19T02:14:15Z,49.275619,-123.13624,5.8
2022-02-19T02:14:25Z,49.275623,-123.136228,5.8
2022-02-19T02:14:35Z,49.275627,-123.136215,5.9
2022-02-19T02:14:45Z,49.275631,-123.136203,5.9
2022-02-19T02:14:55Z,49.275635,-123.136191,6.0
2022-02-19T02:15:05Z,49.275639,-123.136178,6.1
2022-02-19T02:15:15Z,49.275643,-123.136166,6.1
2022-02-19T02:15:25Z,49.275647,-123.136154,6.2
2022-02-19T02:15:35Z,49.275651,-123.136141,6.2
2022-02-19T02:15:45Z,49.275655,-123.136129,6.3
2022-02-19T02:15:55Z,49.275659,-123.136117,6.4
2022-02-19T02:16:05Z,49.275663,-123.136104,6.4
2022-02-19T02:16:15Z,49.275667,-123.136092,6.5
2022-02-19T02:16:25Z,49.275671,-123.13608,6.5
2022-02-19T02:16:35Z,49.275675,-123.136067,6.6
2022-02-19T02:16:45Z,49.2756789,-123.136055,6.6
2022-02-19T02:16:55Z,49.275683,-123.136043,6.7
2022-02-19T02:17:05Z,49.275687,-123.136031,6.8
2022-02-19T02:17:15Z,49.275691,-123.136018,6.8
2022-02-19T02:17:25Z,49.275695,-123.136006,6.9
2022-02-19T02:17:35Z,49.275699,-123.135994,6.9
2022-02-19T02:17:45Z,49.275703,-123.135981,7.0
2022-02-19T02:17:55Z,49.275707,-123.135969,7.1
2022-02-19T02:18:05Z,49.275711,-123.135957,7.2
2022-02-19T02:18:15Z,49.275715,-123.135944,7.3
2022-02-19T02:18:25Z,49.275719,-123.135932,7.4
2022-02-19T02:18:35Z,49.275723,-123.13592,7.5
2022-02-19T02:18:45Z,49.275727,-123.135907,7.6
2022-02-19T02:18:55Z,49.275731,-123.135895,7.7
2022-02-19T02:19:05Z,49.275735,-123.135883,7.7
2022-02-19T02:19:15Z,49.275739,-123.13587,7.8
2022-02-19T02:19:25Z,49.275743,-123.135858,7.9
2022-02-19T02:19:35Z,49.275747,-123.135846,8.0
2022-02-19T02:19:45Z,49.275751,-123.135834,8.1
2022-02-19T02:19:55Z,49.2757549,-123.135821,0.1
2022-02-19T02:20:05Z,49.275759,-123.135809,0.2
2022-02-19T02:20:15Z,49.275763,-123.135797,0.2
2022-02-19T02:20:25Z,49.275767,-123.135784,0.3
2022-02-19T02:20:35Z,49.275771,-123.135772,0.4
2022-02-19T02:20:45Z,49.275775,-123.13576,0.5
2022-02-19T02:20:55Z,49.275779,-123.135747,0.6
2022-02-19T02:21:05Z,49.2757829,-123.135735,0.7
2022-02-19T02:21:15Z,49.275787,-123.135723,0.8
2022-02-19T02:21:25Z,49.275791,-123.13571,0.8
2022-02-19T02:21:35Z,49.275795,-123.135698,0.9
2022-02-19T02:21:45Z,49.275799,-123.135686,1.0
2022-02-19T02:21:55Z,49.275803,-123.135673,1.1
2022-02-19T02:22:05Z,49.275807,-123.135661,1.2
2022-02-19T02:22:15Z,49.275811,-123.135649,1.3
2022-02-19T02:22:25Z,49.275815,-123.135637,1.4
2022-02-19T02:22:35Z,49.275819,-123.135624,1.5
2022-02-19T02:22:45Z,49.275823,-123.135612,1.6
2022-02-19T02:22:55Z,49.275827,-123.1356,1.7
2022-02-19T02:23:05Z,49.2758309,-123.135587,1.8
2022-02-19T02:23:15Z,49.275835,-123.135575,1.9
2022-02-19T02:23:25Z,49.275839,-123.135563,2.0
2022-02-19T02:23:35Z,49.275843,-123.13555,2.1
2022-02-19T02:23:45Z,49.275847,-123.135538,2.2
2022-02-19T02:23:55Z,49.275851,-123.135526,2.4
2022-02-19T02:24:05Z,49.275855,-123.135513,2.5
2022-02-19T02:24:15Z,49.2758589,-123.135501,2.6
2022-02-19T02:24:25Z,49.275863,-123.135489,2.7
2022-02-19T02:24:35Z,49.275867,-123.135476,2.9
2022-02-19T02:24:45Z,49.275871,-123.135464,3.0
2022-02-19T02:24:55Z,49.275875,-123.135452,3.1
2022-02-19T02:25:05Z,49.275879,-123.13544,3.3
2022-02-19T02:25:15Z,49.275883,-123.135427,3.4
2022-02-19T02:25:25Z,49.275887,-123.135415,3.5
2022-02-19T02:25:35Z,49.275891,-123.135403,3.7
2022-02-19T02:25:45Z,49.275895,-123.13539,3.8
2022-02-19T02:25:55Z,49.275899,-123.135378,3.9
2022-02-19T02:26:05Z,49.275903,-123.135366,4.1
2022-02-19T02:26:15Z,49.2759069,-123.135353,4.2
2022-02-19T02:26:25Z,49.275911,-123.135341,4.3
2022-02-19T02:26:35Z,49.275915,-123.135329,4.5
2022-02-19T02:26:45Z,49.275919,-123.135316,4.6
2022-02-19T02:26:55Z,49.275923,-123.135304,4.8
2022-02-19T02:27:05Z,49.275927,-123.135292,4.9
2022-02-19T02:27:15Z,49.275931,-123.135279,5.0
2022-02-19T02:27:25Z,49.2759349,-123.135267,5.2
2022-02-19T02:27:35Z,49.275939,-123.135255,5.3
2022-02-19T02:27:45Z,49.275943,-123.135243,5.5
2022-02-19T02:27:55Z,49.275947,-123.13523,5.6
2022-02-19T02:28:05Z,49.275951,-123.135218,5.8
2022-02-19T02:28:15Z,49.275955,-123.135206,5.9
2022-02-19T02:28:25Z,49.275959,-123.135193,6.1
2022-02-19T02:28:35Z,49.275963,-123.135181,6.2
2022-02-19T02:28:45Z,49.275967,-123.135169,6.4
2022-02-19T02:28:55Z,49.275971,-123.135156,6.5
2022-02-19T02:29:05Z,49.275975,-123.135144,6.7
2022-02-19T02:29:15Z,49.275979,-123.135132,6.8
2022-02-19T02:29:25Z,49.2759829,-123.135119,7.0
2022-02-19T02:29:35Z,49.275987,-123.135107,7.1
2022-02-19T02:29:45Z,49.275991,-123.135095,7.3
2022-02-19T02:29:55Z,49.275995,-123.135083,7.4
2022-02-19T02:30:05Z,49.275999,-123.13507,7.6
2022-02-19T02:30:15Z,49.276003,-123.135058,7.7
2022-02-19T02:30:25Z,49.276007,-123.135046,7.9
2022-02-19T02:30:35Z,49.2760109,-123.135033,8.1
2022-02-19T02:30:45Z,49.276015,-123.135021,8.2
2022-02-19T02:30:55Z,49.276019,-123.135009,8.4
2022-02-19T02:31:05Z,49.276023,-123.134996,8.5
2022-02-19T02:31:15Z,49.276027,-123.134984,8.6
2022-02-19T02:31:25Z,49.276031,-123.134972,8.7
2022-02-19T02:31:35Z,49.276035,-123.134959,8.7
2022-02-19T02:31:45Z,49.276039,-123.134947,8.8
2022-02-19T02:31:55Z,49.276043,-123.134935,8.9
2022-02-19T02:32:05Z,49.276047,-123.134922,9.0
2022-02-19T02:32:15Z,49.276051,-123.13491,9.0
2022-02-19T02:32:25Z,49.276055,-123.134898,9.1
2022-02-19T02:32:35Z,49.2760589,-123.134886,9.2
2022-02-19T02:32:45Z,49.276063,-123.134873,9.3
2022-02-19T02:32:55Z,49.276067,-123.134861,9.3
2022-02-19T02:33:05Z,49.276071,-123.134849,9.4
2022-02-19T02:33:15Z,49.276075,-123.134836,9.5
2022-02-19T02:33:25Z,49.276079,-123.134824,9.5
2022-02-19T02:33:35Z,49.276083,-123.134812,9.6
2022-02-19T02:33:45Z,49.2760869,-123.134799,9.7
2022-02-19T02:33:55Z,49.276091,-123.134787,9.8
2022-02-19T02:34:05Z,49.276095,-123.134775,9.8
2022-02-19T02:34:15Z,49.276099,-123.134762,9.9
2022-02-19T02:34:25Z,49.276103,-123.13475,10.0
2022-02-19T02:34:35Z,49.276107,-123.134738,10.0
2022-02-19T02:34:45Z,49.276111,-123.134725,10.1
2022-02-19T02:34:55Z,49.276115,-123.134713,10.2
2022-02-19T02:35:05Z,49.276119,-123.134701,10.2
2022-02-19T02:35:15Z,49.276123,-123.134689,10.3
2022-02-19T02:35:25Z,49.276127,-123.134676,10.4
2022-02-19T02:35:35Z,49.276131,-123.134664,10.4
2022-02-19T02:35:45Z,49.2761349,-123.134652,10.5
2022-02-19T02:35:55Z,49.276139,-123.134639,10.6
2022-02-19T02:36:05Z,49.276143,-123.134627,10.7
2022-02-19T02:36:15Z,49.276147,-123.134615,10.7
2022-02-19T02:36:25Z,49.276151,-123.134602,10.8
2022-02-19T02:36:35Z,49.276155,-123.13459,10.9
2022-02-19T02:36:45Z,49.276159,-123.134578,10.9
2022-02-19T02:36:55Z,49.276164,-123.134565,11.0
2022-02-19T02:37:05Z,49.276168,-123.134553,11.1
2022-02-19T02:37:15Z,49.276172,-123.134541,11.1
2022-02-19T02:37:25Z,49.276176,-123.134528,11.2
2022-02-19T02:37:35Z,49.2761799,-123.134516,11.3
2022-02-19T02:37:45Z,49.276184,-123.134504,11.3
2022-02-19T02:37:55Z,49.276188,-123.134492,11.4
2022-02-19T02:38:05Z,49.276192,-123.134479,11.4
2022-02-19T02:38:15Z,49.276196,-123.134467,11.5
2022-02-19T02:38:25Z,49.2762,-123.134455,11.6
2022-02-19T02:38:35Z,49.276204,-123.134442,11.6
2022-02-19T02:38:45Z,49.2762079,-123.13443,11.7
2022-02-19T02:38:55Z,49.276212,-123.134418,11.8
2022-02-19T02:39:05Z,49.276216,-123.134405,11.8
2022-02-19T02:39:15Z,49.27622,-123.134393,11.9
2022-02-19T02:39:25Z,49.276224,-123.134381,11.9
2022-02-19T02:39:35Z,49.276228,-123.134368,12.0
2022-02-19T02:39:45Z,49.276232,-123.134356,12.1
2022-02-19T02:39:55Z,49.276236,-123.134344,12.1
2022-02-19T02:40:05Z,49.27624,-123.134331,12.2
2022-02-19T02:40:15Z,49.276244,-123.134319,12.3
2022-02-19T02:40:25Z,49.276248,-123.134307,12.3
2022-02-19T02:40:35Z,49.276252,-123.134295,12.4
2022-02-19T02:40:45Z,49.2762559,-123.134282,12.4
2022-02-19T02:40:55Z,49.27626,-123.13427,12.5
2022-02-19T02:41:05Z,49.276264,-123.134258,12.5
2022-02-19T02:41:15Z,49.276268,-123.134245,12.6
2022-02-19T02:41:25Z,49.276272,-123.134233,12.7
2022-02-19T02:41:35Z,49.276276,-123.134221,12.7
2022-02-19T02:41:45Z,49.27628,-123.134208,12.8
2022-02-19T02:41:55Z,49.2762839,-123.134196,12.8
2022-02-19T02:42:05Z,49.276288,-123.134184,12.9
2022-02-19T02:42:15Z,49.276292,-123.134171,13.0
2022-02-19T02:42:25Z,49.276296,-123.134159,13.0
2022-02-19T02:42:35Z,49.2763,-123.134147,13.1
2022-02-19T02:42:45Z,49.276304,-123.134134,13.2
2022-02-19T02:42:55Z,49.276308,-123.134122,13.3
2022-02-19T02:43:05Z,49.276312,-123.13411,13.3
2022-02-19T02:43:15Z,49.276316,-123.134098,13.4
2022-02-19T02:43:25Z,49.27632,-123.134085,13.5
2022-02-19T02:43:35Z,49.276324,-123.134073,13.6
2022-02-19T02:43:45Z,49.276328,-123.134061,13.6
2022-02-19T02:43:55Z,49.2763319,-123.134048,13.7
2022-02-19T02:44:05Z,49.276336,-123.134036,13.8
2022-02-19T02:44:15Z,49.27634,-123.134024,13.9
2022-02-19T02:44:25Z,49.276344,-123.134011,14.0
2022-02-19T02:44:35Z,49.276348,-123.133999,14.0
2022-02-19T02:44:45Z,49.276352,-123.133987,14.1
2022-02-19T02:44:55Z,49.276356,-123.133974,14.2
2022-02-19T02:45:05Z,49.2763599,-123.133962,14.3
2022-02-19T02:45:15Z,49.276364,-123.13395,14.3
2022-02-19T02:45:25Z,49.276368,-123.133937,14.4
2022-02-19T02:45:35Z,49.276372,-123.133925,14.5
2022-02-19T02:45:45Z,49.276376,-123.133913,14.6
2022-02-19T02:45:55Z,49.27638,-123.133901,14.7
2022-02-19T02:46:05Z,49.276384,-123.133888,14.7
2022-02-19T02:46:15Z,49.276388,-123.133876,14.8
2022-02-19T02:46:25Z,49.276392,-123.133864,14.9
2022-02-19T02:46:35Z,49.276396,-123.133851,15.0
2022-02-19T02:46:45Z,49.2764,-123.133839,15.0
2022-02-19T02:46:55Z,49.276404,-123.133827,15.1
2022-02-19T02:47:05Z,49.276408,-123.133814,15.2
2022-02-19T02:47:15Z,49.276412,-123.133802,15.3
2022-02-19T02:47:25Z,49.276416,-123.13379,15.3
2022-02-19T02:47:35Z,49.27642,-123.133777,15.4
2022-02-19T02:47:45Z,49.276424,-123.133765,15.5
2022-02-19T02:47:55Z,49.276428,-123.133753,15.6
2022-02-19T02:48:05Z,49.276432,-123.13374,15.6
2022-02-19T02:48:15Z,49.2764359,-123.133728,15.7
2022-02-19T02:48:25Z,49.27644,-123.133716,15.8
2022-02-19T02:48:35Z,49.276444,-123.133704,15.9
2022-02-19T02:48:45Z,49.276448,-123.133691,15.9
2022-02-19T02:48:55Z,49.276452,-123.133679,16.0
2022-02-19T02:49:05Z,49.276456,-123.133667,16.1
2022-02-19T02:49:15Z,49.27646,-123.133654,16.2
2022-02-19T02:49:25Z,49.276464,-123.133642,16.2
2022-02-19T02:49:35Z,49.276468,-123.13363,16.3
2022-02-19T02:49:45Z,49.276472,-123.133617,16.4
2022-02-19T02:49:55Z,49.276476,-123.133605,16.4
2022-02-19T02:50:05Z,49.27648,-123.133593,16.5
2022-02-19T02:50:15Z,49.276484,-123.13358,16.6
2022-02-19T02:50:25Z,49.276488,-123.133568,16.7
2022-02-19T02:50:35Z,49.276492,-123.133556,16.7
2022-02-19T02:50:45Z,49.276496,-123.133544,16.8
2022-02-19T02:50:55Z,49.2765,-123.133531,16.9
2022-02-19T02:51:05Z,49.276504,-123.133519,17.0
2022-02-19T02:51:15Z,49.276508,-123.133507,17.0
2022-02-19T02:51:25Z,49.2765119,-123.133494,17.1
2022-02-19T02:51:35Z,49.276516,-123.133482,17.2
2022-02-19T02:51:45Z,49.27652,-123.13347,17.2
2022-02-19T02:51:55Z,49.276524,-123.133457,17.3
2022-02-19T02:52:05Z,49.276528,-123.133445,17.4
2022-02-19T02:52:15Z,49.276532,-123.133433,17.5
2022-02-19T02:52:25Z,49.276536,-123.13342,17.5
2022-02-19T02:52:35Z,49.27654,-123.133408,17.6
2022-02-19T02:52:45Z,49.2765429,-123.133395,17.7
2022-02-19T02:52:55Z,49.276547,-123.133383,17.7
2022-02-19T02:53:05Z,49.276551,-123.13337,17.8
2022-02-19T02:53:15Z,49.276555,-123.133358,17.9
2022-02-19T02:53:25Z,49.276558,-123.133346,17.9
2022-02-19T02:53:35Z,49.276562,-123.133333,18.0
2022-02-19T02:53:45Z,49.276566,-123.133321,18.2
2022-02-19T02:53:55Z,49.27657,-123.133308,18.4
2022-02-19T02:54:05Z,49.276573,-123.133296,18.5
2022-02-19T02:54:15Z,49.276577,-123.133283,18.7
2022-02-19T02:54:25Z,49.276581,-123.133271,18.9
2022-02-19T02:54:35Z,49.276585,-123.133258,19.1
2022-02-19T02:54:45Z,49.2765879,-123.133246,19.3
2022-02-19T02:54:55Z,49.276592,-123.133233,19.5
2022-02-19T02:55:05Z,49.276596,-123.13322,19.7
2022-02-19T02:55:15Z,49.2766,-123.133208,19.8
2022-02-19T02:55:25Z,49.276603,-123.133195,20.0
2022-02-19T02:55:35Z,49.276607,-123.133183,20.2
2022-02-19T02:55:45Z,49.276611,-123.13317,20.4
2022-02-19T02:55:55Z,49.276614,-123.133158,20.6
2022-02-19T02:56:05Z,49.276618,-123.133145,20.8
2022-02-19T02:56:15Z,49.276621,-123.133133,20.9
2022-02-19T02:56:25Z,49.276625,-123.13312,21.1
2022-02-19T02:56:35Z,49.276629,-123.133107,21.3
2022-02-19T02:56:45Z,49.276632,-123.133095,21.5
2022-02-19T02:56:55Z,49.276636,-123.133082,21.7
2022-02-19T02:57:05Z,49.276639,-123.13307,21.9
2022-02-19T02:57:15Z,49.276643,-123.133057,22.1
2022-02-19T02:57:25Z,49.276646,-123.133044,22.3
2022-02-19T02:57:35Z,49.2766499,-123.133032,22.4
2022-02-19T02:57:45Z,49.276653,-123.133019,22.6
2022-02-19T02:57:55Z,49.276657,-123.133006,22.8
2022-02-19T02:58:05Z,49.27666,-123.132994,23.0
2022-02-19T02:58:15Z,49.2766639,-123.132981,23.2
2022-02-19T02:58:25Z,49.276667,-123.132968,23.4
2022-02-19T02:58:35Z,49.276671,-123.132956,23.6
2022-02-19T02:58:45Z,49.276674,-123.132943,23.8
2022-02-19T02:58:55Z,49.2766779,-123.13293,24.0
2022-02-19T02:59:05Z,49.276681,-123.132918,24.1
2022-02-19T02:59:15Z,49.276685,-123.132905,24.3
2022-02-19T02:59:25Z,49.276688,-123.132892,24.5
2022-02-19T02:59:35Z,49.276692,-123.13288,24.7
2022-02-19T02:59:45Z,49.2766949,-123.132867,24.9
2022-02-19T02:59:55Z,49.276699,-123.132854,25.1
2022-02-19T03:00:05Z,49.276702,-123.132841,25.2
2022-02-19T03:00:15Z,49.276706,-123.132829,25.4
2022-02-19T03:00:25Z,49.2767089,-123.132816,25.6
2022-02-19T03:00:35Z,49.276713,-123.132803,25.8
2022-02-19T03:00:45Z,49.276716,-123.132791,25.9
